id,company_id,account_id,fecha,descripcion,comercio,rfc,tipo,deposito,retiro,saldo,es_interno,categoria
txn_2026060001,company_001,acc_eje_001,2026-06-02T12:00:00-06:00,"COMPRA ORDEN DE PAGO SPEI 2,457.44 33,092.50","COMPRA ORDEN DE PAGO SPEI 2,457.44 33,09",,egreso,0,2457.44,33092.50,0,spei_enviado
txn_2026060002,company_001,acc_eje_001,2026-06-02T12:00:00-06:00,"COMISION ORDEN DE PAGO SPEI REFERENCIA: 0020123 5.00 33,087.50",BANORTE,BNO930209CC1,egreso,0,5.00,33087.50,0,comision
txn_2026060003,company_001,acc_eje_001,2026-06-02T12:00:00-06:00,"I.V.A. ORDEN DE PAGO SPEI REFERENCIA: 0020123 0.80 33,086.70",BANORTE,BNO930209CC1,egreso,0,0.80,33086.70,0,iva_comision
txn_2026060004,company_001,acc_eje_001,2026-06-02T12:00:00-06:00,"COMPRA ORDEN DE PAGO SPEI 22,579.86 10,506.84","COMPRA ORDEN DE PAGO SPEI 22,579.86 10,5",,egreso,0,22579.86,10506.84,0,spei_enviado
txn_2026060005,company_001,acc_eje_001,2026-06-02T12:00:00-06:00,"COMISION ORDEN DE PAGO SPEI REFERENCIA: 0020123 5.00 10,501.84",BANORTE,BNO930209CC1,egreso,0,5.00,10501.84,0,comision
txn_2026060006,company_001,acc_eje_001,2026-06-02T12:00:00-06:00,"I.V.A. ORDEN DE PAGO SPEI REFERENCIA: 0020123 0.80 10,501.04",BANORTE,BNO930209CC1,egreso,0,0.80,10501.04,0,iva_comision
txn_2026060007,company_001,acc_eje_001,2026-06-02T12:00:00-06:00,"COMPRA ORDEN DE PAGO SPEI 2,436.00 8,065.04","COMPRA ORDEN DE PAGO SPEI 2,436.00 8,065",,egreso,0,2436.00,8065.04,0,spei_enviado
txn_2026060008,company_001,acc_eje_001,2026-06-02T12:00:00-06:00,"COMISION ORDEN DE PAGO SPEI REFERENCIA: 0020123 5.00 8,060.04",BANORTE,BNO930209CC1,egreso,0,5.00,8060.04,0,comision
txn_2026060009,company_001,acc_eje_001,2026-06-02T12:00:00-06:00,"I.V.A. ORDEN DE PAGO SPEI REFERENCIA: 0020123 0.80 8,059.24",BANORTE,BNO930209CC1,egreso,0,0.80,8059.24,0,iva_comision
txn_2026060010,company_001,acc_eje_001,2026-06-02T12:00:00-06:00,"MBAN01002301020079591251 SPEI RECIBIDO, BCO:0012 BBVA BANCOMER HR LIQ: 12:30:49 DEL 1,590.00 9,649.24 CLIENTE FRANCISCO J. MORALES DE LA CLABE 012389083863794026 CON RFC MEJF800101AB1 CONCEPTO: Cuenta Litros REFERENCIA: 0201230 CVE RAST: MBAN01002301020079591251",FRANCISCO J. MORALES,MEJF800101AB1,ingreso,1590.00,0,9649.24,0,spei_recibido
txn_2026060011,company_001,acc_eje_001,2026-06-02T12:00:00-06:00,"COMPRA ORDEN DE PAGO SPEI 0020123 =REFERENCIA CTA/CLABE: 002542351161559407, BEM 285.08 9,364.16 SPEI BCO:002 BENEF:GUADALUPE PEREZ (DATO NO VERIF POR ESTA INST), Pago PO 2051 CVE RASTREO: 8846APR1202301022069498286 RFC: SUN850309AA1 IVA: 000000000039.32 BANAMEX HORA LIQ: 12:57:19",GUADALUPE PEREZ,SUN850309AA1,egreso,0,285.08,9364.16,0,spei_enviado
txn_2026060012,company_001,acc_eje_001,2026-06-02T12:00:00-06:00,"COMISION ORDEN DE PAGO SPEI REFERENCIA: 0020123 5.00 9,359.16",BANORTE,BNO930209CC1,egreso,0,5.00,9359.16,0,comision
txn_2026060013,company_001,acc_eje_001,2026-06-02T12:00:00-06:00,"I.V.A. ORDEN DE PAGO SPEI REFERENCIA: 0020123 0.80 9,358.36",BANORTE,BNO930209CC1,egreso,0,0.80,9358.36,0,iva_comision
txn_2026060014,company_001,acc_eje_001,2026-06-02T12:00:00-06:00,"COMPRA ORDEN DE PAGO SPEI 0020123 =REFERENCIA CTA/CLABE: 044816184959310341, BEM 450.00 8,908.36 SPEI BCO:044 BENEF:ARMANDO MORALES (DATO NO VERIF POR ESTA INST), Pago PO 2054 CVE RASTREO: 8846APR1202301022069638923 RFC: GAS070423BB2 IVA: 000000000062.07 SCOTIABANK HORA LIQ: 14:04:51",ARMANDO MORALES,GAS070423BB2,egreso,0,450.00,8908.36,0,spei_enviado
txn_2026060015,company_001,acc_eje_001,2026-06-02T12:00:00-06:00,"COMISION ORDEN DE PAGO SPEI REFERENCIA: 0020123 5.00 8,903.36",BANORTE,BNO930209CC1,egreso,0,5.00,8903.36,0,comision
txn_2026060016,company_001,acc_eje_001,2026-06-02T12:00:00-06:00,"I.V.A. ORDEN DE PAGO SPEI REFERENCIA: 0020123 0.80 8,902.56",BANORTE,BNO930209CC1,egreso,0,0.80,8902.56,0,iva_comision
txn_2026060017,company_001,acc_eje_001,2026-06-02T12:00:00-06:00,"BNET01002301020031438250 SPEI RECIBIDO, BCO:0012 BBVA BANCOMER HR LIQ: 14:27:23 DEL 10,000.00 18,902.56 CLIENTE CAFE NORTENO SA DE CV DE LA CLABE 012316475255341928 CON RFC CNM160812AB1 CONCEPTO: TRASPASO INTERNO REFERENCIA: 0020123 CVE RAST: BNET01002301020031438250",CAFE NORTENO SA DE CV,CNM160812AB1,ingreso,10000.00,0,18902.56,1,traspaso_interno
txn_2026060018,company_001,acc_eje_001,2026-06-02T12:00:00-06:00,"TRASPASO A CUENTA DE TERCEROS 0000020123 IVA:00001341.44 , A LA CUENTA: 3276483503 9,725.44 9,177.12 Pago PO 2061 AL R.F.C. PEGL850309CD2",TERCERO PEGL85,PEGL850309CD2,egreso,0,9725.44,9177.12,0,traspaso_terceros
txn_2026060019,company_001,acc_eje_001,2026-06-03T12:00:00-06:00,"1844962CARGO DOMICILIACION CGO DOMICILIACION:VW Leasing LEYENDA: VOLKSWAGEN 4,852.50 4,324.62 LEASING REF SERV EMISOR:0051844962 CVE DE RASTREO:02107200021000820230102101584 REF:1844962 RFC GAS061031CC3 IVA: 0.00","VOLKSWAGEN 4,852.50 4,324.62 LEASING",GAS061031CC3,egreso,0,4852.50,4324.62,0,domiciliacion
txn_2026060020,company_001,acc_eje_001,2026-06-03T12:00:00-06:00,"TRASPASO A CUENTA DE TERCEROS 0000030123 IVA:00000240.00 , A LA CUENTA: 0564139537 1,740.00 2,584.62 Pago PO 2066 AL R.F.C. MOPA791027EF3",TERCERO MOPA79,MOPA791027EF3,egreso,0,1740.00,2584.62,0,traspaso_terceros
txn_2026060021,company_001,acc_eje_001,2026-06-04T12:00:00-06:00,"MERPAGO*MER PAGO 2 RFC:SUP810525DD4 2,472.00 112.62",MERPAGO*MER PAGO 2,SUP810525DD4,egreso,0,2472.00,112.62,0,tarjeta
txn_2026060022,company_001,acc_eje_001,2026-06-04T12:00:00-06:00,"BNET01002301040031684679 SPEI RECIBIDO, BCO:0012 BBVA BANCOMER HR LIQ: 10:37:34 DEL 5,000.00 5,112.62 CLIENTE CAFE NORTENO SA DE CV DE LA CLABE 012316475255341928 CON RFC CNM160812AB1 CONCEPTO: Traspaso interno REFERENCIA: 0401230 CVE RAST: BNET01002301040031684679",CAFE NORTENO SA DE CV,CNM160812AB1,ingreso,5000.00,0,5112.62,1,traspaso_interno
txn_2026060023,company_001,acc_eje_001,2026-06-04T12:00:00-06:00,"BNET01002301040031741317 SPEI RECIBIDO, BCO:0012 BBVA BANCOMER HR LIQ: 13:56:28 DEL 9,880.01 14,992.63 CLIENTE CONSTRUCTORA VIA NORTE SA DE CV DE LA CLABE 012287101226916697 CON RFC CVN190830M83 CONCEPTO: PAGO DE BOMBA REFERENCIA: 0040123 CVE RAST: BNET01002301040031741317",CONSTRUCTORA VIA NORTE SA DE CV,CVN190830M83,ingreso,9880.01,0,14992.63,0,spei_recibido
txn_2026060024,company_001,acc_eje_001,2026-06-04T12:00:00-06:00,"TRASPASO A CUENTA DE TERCEROS 0000040123 IVA:00000097.02 , A LA CUENTA: 8480184514 703.42 14,289.21 Pago PO 2078 AL R.F.C. MERE850922GH4",TERCERO MERE85,MERE850922GH4,egreso,0,703.42,14289.21,0,traspaso_terceros
txn_2026060025,company_001,acc_eje_001,2026-06-05T12:00:00-06:00,"BNET01002301050031857751 SPEI RECIBIDO, BCO:0012 BBVA BANCOMER HR LIQ: 11:12:47 DEL 40,000.00 54,289.21 CLIENTE CAFE NORTENO SA DE CV DE LA CLABE 012316475255341928 CON RFC CNM160812AB1 CONCEPTO: TRASPASO INTERNO REFERENCIA: 0050123 CVE RAST: BNET01002301050031857751",CAFE NORTENO SA DE CV,CNM160812AB1,ingreso,40000.00,0,54289.21,1,traspaso_interno
txn_2026060026,company_001,acc_eje_001,2026-06-05T12:00:00-06:00,"TRASPASO A CUENTA DE TERCEROS 0000050123 IVA:00002431.72 , A LA CUENTA: 6270482814 17,630.00 36,659.21 Pago PO 2077 AL R.F.C. LUCI920425IJ5",TERCERO LUCI92,LUCI920425IJ5,egreso,0,17630.00,36659.21,0,traspaso_terceros
txn_2026060027,company_001,acc_eje_001,2026-06-05T12:00:00-06:00,"COMPRA ORDEN DE PAGO SPEI 0050123 =REFERENCIA CTA/CLABE: 012893252880957015, BEM 2,192.86 34,466.35 SPEI BCO:012 BENEF:ISAAC R. LUNA (DATO NO VERIF POR ESTA INST), Pago PO 2084 CVE RASTREO: 8846APR1202301052074823840 RFC: MER210503EE5 IVA: 000000000302.46 BBVA BANCOMER HORA LIQ: 16:56:20",ISAAC R. LUNA,MER210503EE5,egreso,0,2192.86,34466.35,0,spei_enviado
txn_2026060028,company_001,acc_eje_001,2026-06-05T12:00:00-06:00,"COMISION ORDEN DE PAGO SPEI REFERENCIA: 0050123 5.00 34,461.35",BANORTE,BNO930209CC1,egreso,0,5.00,34461.35,0,comision
txn_2026060029,company_001,acc_eje_001,2026-06-05T12:00:00-06:00,"I.V.A. ORDEN DE PAGO SPEI REFERENCIA: 0050123 0.80 34,460.55",BANORTE,BNO930209CC1,egreso,0,0.80,34460.55,0,iva_comision
txn_2026060030,company_001,acc_eje_001,2026-06-06T12:00:00-06:00,"PAGO REFERENCIADO 546459400623 Impuesto Deposito Referenciado 3,002.00 31,458.55",PAGO DE IMPUESTOS,,egreso,0,3002.00,31458.55,0,impuestos
txn_2026060031,company_001,acc_eje_001,2026-06-06T12:00:00-06:00,"PAGO REFERENCIADO 546459500623 Impuesto Deposito Referenciado 2,817.00 28,641.55",PAGO DE IMPUESTOS,,egreso,0,2817.00,28641.55,0,impuestos
txn_2026060032,company_001,acc_eje_001,2026-06-06T12:00:00-06:00,"PAGO REFERENCIADO 546459600623 Impuesto Deposito Referenciado 5,428.00 23,213.55",PAGO DE IMPUESTOS,,egreso,0,5428.00,23213.55,0,impuestos
txn_2026060033,company_001,acc_eje_001,2026-06-06T12:00:00-06:00,"PAGO REFERENCIADO 546459700623 Impuesto Deposito Referenciado 1,116.00 22,097.55",PAGO DE IMPUESTOS,,egreso,0,1116.00,22097.55,0,impuestos
txn_2026060034,company_001,acc_eje_001,2026-06-06T12:00:00-06:00,"PAGO REFERENCIADO 546459900623 Impuesto Deposito Referenciado 1,091.00 21,006.55",PAGO DE IMPUESTOS,,egreso,0,1091.00,21006.55,0,impuestos
txn_2026060035,company_001,acc_eje_001,2026-06-06T12:00:00-06:00,"PAGO REFERENCIADO 546460000623 Impuesto Deposito Referenciado 1,047.00 19,959.55",PAGO DE IMPUESTOS,,egreso,0,1047.00,19959.55,0,impuestos
txn_2026060036,company_001,acc_eje_001,2026-06-06T12:00:00-06:00,"PAGO REFERENCIADO 546460100623 Impuesto Deposito Referenciado 1,126.00 18,833.55",PAGO DE IMPUESTOS,,egreso,0,1126.00,18833.55,0,impuestos
txn_2026060037,company_001,acc_eje_001,2026-06-09T12:00:00-06:00,"COMPRA ORDEN DE PAGO SPEI 0090123 =REFERENCIA CTA/CLABE: 014430391171822782, BEM 8,212.02 10,621.53 SPEI BCO:014 BENEF:ELISA MENDEZ (DATO NO VERIF POR ESTA INST), Pago PO 2094 CVE RASTREO: 8846APR1202301092079771661 RFC: MER991006FF6 IVA: 000000001132.69 SANTANDER HORA LIQ: 11:10:20",ELISA MENDEZ,MER991006FF6,egreso,0,8212.02,10621.53,0,spei_enviado
txn_2026060038,company_001,acc_eje_001,2026-06-09T12:00:00-06:00,"COMISION ORDEN DE PAGO SPEI REFERENCIA: 0090123 5.00 10,616.53",BANORTE,BNO930209CC1,egreso,0,5.00,10616.53,0,comision
txn_2026060039,company_001,acc_eje_001,2026-06-09T12:00:00-06:00,"I.V.A. ORDEN DE PAGO SPEI REFERENCIA: 0090123 0.80 10,615.73",BANORTE,BNO930209CC1,egreso,0,0.80,10615.73,0,iva_comision
txn_2026060040,company_001,acc_eje_001,2026-06-09T12:00:00-06:00,"COMPRA ORDEN DE PAGO SPEI 0090123 =REFERENCIA CTA/CLABE: 058489638346578713, BEM 4,290.00 6,325.73 SPEI BCO:058 BENEF:MARTIN MEDINA (DATO NO VERIF POR ESTA INST), Pago PO 2095 CVE RASTREO: 8846APR2202301092079926935 RFC: PAY150323GG7 IVA: 000000000000.00 BANREGIO HORA LIQ: 12:30:11",MARTIN MEDINA,PAY150323GG7,egreso,0,4290.00,6325.73,0,spei_enviado
txn_2026060041,company_001,acc_eje_001,2026-06-09T12:00:00-06:00,"COMISION ORDEN DE PAGO SPEI REFERENCIA: 0090123 5.00 6,320.73",BANORTE,BNO930209CC1,egreso,0,5.00,6320.73,0,comision
txn_2026060042,company_001,acc_eje_001,2026-06-09T12:00:00-06:00,"I.V.A. ORDEN DE PAGO SPEI REFERENCIA: 0090123 0.80 6,319.93",BANORTE,BNO930209CC1,egreso,0,0.80,6319.93,0,iva_comision
txn_2026060043,company_001,acc_eje_001,2026-06-09T12:00:00-06:00,"TRASPASO A CUENTA DE TERCEROS 0000090123 IVA:00000128.00 , A LA CUENTA: 0564139537 928.00 5,391.93 Pago PO 2099 AL R.F.C. MOPA791027EF3",TERCERO MOPA79,MOPA791027EF3,egreso,0,928.00,5391.93,0,traspaso_terceros
txn_2026060044,company_001,acc_eje_001,2026-06-11T12:00:00-06:00,"BNET01002301110032830732 SPEI RECIBIDO, BCO:0012 BBVA BANCOMER HR LIQ: 13:00:49 DEL 50,000.00 55,391.93 CLIENTE CAFE NORTENO SA DE CV DE LA CLABE 012316475255341928 CON RFC CNM160812AB1 CONCEPTO: TRASPASO INTERNO REFERENCIA: 0110123 CVE RAST: BNET01002301110032830732",CAFE NORTENO SA DE CV,CNM160812AB1,ingreso,50000.00,0,55391.93,1,traspaso_interno
txn_2026060045,company_001,acc_eje_001,2026-06-11T12:00:00-06:00,"PAGO REFERENCIADO 549760501123 Impuesto Deposito Referenciado 1,314.00 54,077.93",PAGO DE IMPUESTOS,,egreso,0,1314.00,54077.93,0,impuestos
txn_2026060046,company_001,acc_eje_001,2026-06-11T12:00:00-06:00,"PAGO REFERENCIADO 549760601123 Impuesto Deposito Referenciado 998.00 53,079.93",PAGO DE IMPUESTOS,,egreso,0,998.00,53079.93,0,impuestos
txn_2026060047,company_001,acc_eje_001,2026-06-11T12:00:00-06:00,"PAGO REFERENCIADO 549760701123 Impuesto Deposito Referenciado 5,902.00 47,177.93",PAGO DE IMPUESTOS,,egreso,0,5902.00,47177.93,0,impuestos
txn_2026060048,company_001,acc_eje_001,2026-06-11T12:00:00-06:00,"PAGO REFERENCIADO 549760801123 Impuesto Deposito Referenciado 1,110.00 46,067.93",PAGO DE IMPUESTOS,,egreso,0,1110.00,46067.93,0,impuestos
txn_2026060049,company_001,acc_eje_001,2026-06-11T12:00:00-06:00,"PAGO REFERENCIADO 549760901123 Impuesto Deposito Referenciado 1,229.00 44,838.93",PAGO DE IMPUESTOS,,egreso,0,1229.00,44838.93,0,impuestos
txn_2026060050,company_001,acc_eje_001,2026-06-11T12:00:00-06:00,"PAGO REFERENCIADO 549761001123 Impuesto Deposito Referenciado 6,020.00 38,818.93",PAGO DE IMPUESTOS,,egreso,0,6020.00,38818.93,0,impuestos
txn_2026060051,company_001,acc_eje_001,2026-06-12T12:00:00-06:00,"COMPRA ORDEN DE PAGO SPEI 0120123 =REFERENCIA CTA/CLABE: 012315098393010310, BEM 1,674.98 37,143.95 SPEI BCO:012 BENEF:ANDRES M. DIEZ (DATO NO VERIF POR ESTA INST), Pago PO 2117 CVE RASTREO: 8846APR2202301122083939109 RFC: APP920820HH8 IVA: 000000000231.03 BBVA BANCOMER HORA LIQ: 09:29:11",ANDRES M. DIEZ,APP920820HH8,egreso,0,1674.98,37143.95,0,spei_enviado
txn_2026060052,company_001,acc_eje_001,2026-06-12T12:00:00-06:00,"COMISION ORDEN DE PAGO SPEI REFERENCIA: 0120123 5.00 37,138.95",BANORTE,BNO930209CC1,egreso,0,5.00,37138.95,0,comision
txn_2026060053,company_001,acc_eje_001,2026-06-12T12:00:00-06:00,"I.V.A. ORDEN DE PAGO SPEI REFERENCIA: 0120123 0.80 37,138.15",BANORTE,BNO930209CC1,egreso,0,0.80,37138.15,0,iva_comision
txn_2026060054,company_001,acc_eje_001,2026-06-12T12:00:00-06:00,"COMPRA ORDEN DE PAGO SPEI 0120123 =REFERENCIA CTA/CLABE: 002518347382997376, BEM 606.56 36,531.59 SPEI BCO:002 BENEF:JORGE L. CAMPOS (DATO NO VERIF POR ESTA INST), Pago PO 2118 CVE RASTREO: 8846APR2202301122084032642 RFC: DHL880115II9 IVA: 000000000083.66 BANAMEX HORA LIQ: 10:29:34",JORGE L. CAMPOS,DHL880115II9,egreso,0,606.56,36531.59,0,spei_enviado
txn_2026060055,company_001,acc_eje_001,2026-06-12T12:00:00-06:00,"COMISION ORDEN DE PAGO SPEI REFERENCIA: 0120123 5.00 36,526.59",BANORTE,BNO930209CC1,egreso,0,5.00,36526.59,0,comision
txn_2026060056,company_001,acc_eje_001,2026-06-12T12:00:00-06:00,"I.V.A. ORDEN DE PAGO SPEI REFERENCIA: 0120123 0.80 36,525.79",BANORTE,BNO930209CC1,egreso,0,0.80,36525.79,0,iva_comision
txn_2026060057,company_001,acc_eje_001,2026-06-13T12:00:00-06:00,"COMPRA ORDEN DE PAGO SPEI 0130123 =REFERENCIA CTA/CLABE: 012311656670106513, BEM 3,085.55 33,440.24 SPEI BCO:012 BENEF:MARIA F. SOTO (DATO NO VERIF POR ESTA INST), Pago PO 2102 CVE RASTREO: 8846APR1202301132086350669 RFC: SEG971124JJ1 IVA: 000000000425.59 BBVA BANCOMER HORA LIQ: 12:26:37",MARIA F. SOTO,SEG971124JJ1,egreso,0,3085.55,33440.24,0,spei_enviado
txn_2026060058,company_001,acc_eje_001,2026-06-13T12:00:00-06:00,"COMISION ORDEN DE PAGO SPEI REFERENCIA: 0130123 5.00 33,435.24",BANORTE,BNO930209CC1,egreso,0,5.00,33435.24,0,comision
txn_2026060059,company_001,acc_eje_001,2026-06-13T12:00:00-06:00,"I.V.A. ORDEN DE PAGO SPEI REFERENCIA: 0130123 0.80 33,434.44",BANORTE,BNO930209CC1,egreso,0,0.80,33434.44,0,iva_comision
txn_2026060060,company_001,acc_eje_001,2026-06-13T12:00:00-06:00,"COMPRA ORDEN DE PAGO SPEI 0130123 =REFERENCIA CTA/CLABE: 012338726247317810, BEM 5,105.29 28,329.15 SPEI BCO:012 BENEF:CARLOS R. VEGA (DATO NO VERIF POR ESTA INST), Pago PO 2036 2037 CVE RASTREO: 8846APR1202301132086374732 RFC: COS910715KK2 IVA: 000000000704.18 BBVA BANCOMER HORA LIQ: 12:32:16",CARLOS R. VEGA,COS910715KK2,egreso,0,5105.29,28329.15,0,spei_enviado
txn_2026060061,company_001,acc_eje_001,2026-06-13T12:00:00-06:00,"COMISION ORDEN DE PAGO SPEI REFERENCIA: 0130123 5.00 28,324.15",BANORTE,BNO930209CC1,egreso,0,5.00,28324.15,0,comision
txn_2026060062,company_001,acc_eje_001,2026-06-13T12:00:00-06:00,"I.V.A. ORDEN DE PAGO SPEI REFERENCIA: 0130123 0.80 28,323.35",BANORTE,BNO930209CC1,egreso,0,0.80,28323.35,0,iva_comision
txn_2026060063,company_001,acc_eje_001,2026-06-16T12:00:00-06:00,"ELECTRONICA INDUSTRIAL MX MONEDA ORIGEN: 696.70 USD USD : 696.70 TIPO CAMBIO : 18.8861 13,381.22 14,942.13",ELECTRONICA INDUSTRIAL MX MONEDA ORIGEN:,,egreso,0,13381.22,14942.13,0,otro
txn_2026060064,company_001,acc_eje_001,2026-06-16T12:00:00-06:00,"MERCADO PAGO 1 RFC:TEL670000LL3 877.00 14,065.13",MERCADO PAGO 1,TEL670000LL3,egreso,0,877.00,14065.13,0,tarjeta
txn_2026060065,company_001,acc_eje_001,2026-06-16T12:00:00-06:00,"TRASPASO A CUENTA DE TERCEROS 0000160123 IVA:00000023.72 , A LA CUENTA: 8480184514 171.98 13,893.15 Pago PO 2143 AL R.F.C. MERE850922GH4",TERCERO MERE85,MERE850922GH4,egreso,0,171.98,13893.15,0,traspaso_terceros
txn_2026060066,company_001,acc_eje_001,2026-06-16T12:00:00-06:00,"BNET01002301160033841555 SPEI RECIBIDO, BCO:0012 BBVA BANCOMER HR LIQ: 17:14:55 DEL 60,000.00 73,893.15 CLIENTE CAFE NORTENO SA DE CV DE LA CLABE 012316475255341928 CON RFC CNM160812AB1 CONCEPTO: TRASPASO INTERNO REFERENCIA: 0160123 CVE RAST: BNET01002301160033841555",CAFE NORTENO SA DE CV,CNM160812AB1,ingreso,60000.00,0,73893.15,1,traspaso_interno
txn_2026060067,company_001,acc_eje_001,2026-06-17T12:00:00-06:00,"2003533CARGO DOMICILIACION CGO DOMICILIACION:VW Leasing LEYENDA: VOLKSWAGEN 6,873.66 67,019.49 LEASING REF SERV EMISOR:0052003533 CVE DE RASTREO:02107200021000820230116052167 REF:2003533 RFC GAS061031CC3 IVA: 0.00","VOLKSWAGEN 6,873.66 67,019.49 LEASING",GAS061031CC3,egreso,0,6873.66,67019.49,0,domiciliacion
txn_2026060068,company_001,acc_eje_001,2026-06-17T12:00:00-06:00,"PAGO DE LDC-IMSS ALTA: Z1KPHF784C1016UXE5224000JJGD000J8RM000FC050000000R0LH ID 25,249.00 41,770.49 PAGO: Z3428909108202212320018 TOTAL: 8013267736026064 RASTREO: 000004770",IMSS,,egreso,0,25249.00,41770.49,0,imss
txn_2026060069,company_001,acc_eje_001,2026-06-17T12:00:00-06:00,"COMPRA ORDEN DE PAGO SPEI 0170123 =REFERENCIA CTA/CLABE: 012746872343098050, BEM 21,554.96 20,215.53 SPEI BCO:012 BENEF:LUCIA FERNANDEZ (DATO NO VERIF POR ESTA INST), Pago PO 2147 CVE RASTREO: 8846APR2202301172092738463 RFC: SUN850309AA1 IVA: 000000002973.10 BBVA BANCOMER HORA LIQ: 09:38:48",LUCIA FERNANDEZ,SUN850309AA1,egreso,0,21554.96,20215.53,0,spei_enviado
txn_2026060070,company_001,acc_eje_001,2026-06-17T12:00:00-06:00,"COMISION ORDEN DE PAGO SPEI REFERENCIA: 0170123 5.00 20,210.53",BANORTE,BNO930209CC1,egreso,0,5.00,20210.53,0,comision
txn_2026060071,company_001,acc_eje_001,2026-06-17T12:00:00-06:00,"I.V.A. ORDEN DE PAGO SPEI REFERENCIA: 0170123 0.80 20,209.73",BANORTE,BNO930209CC1,egreso,0,0.80,20209.73,0,iva_comision
txn_2026060072,company_001,acc_eje_001,2026-06-17T12:00:00-06:00,"COMPRA ORDEN DE PAGO SPEI 0170123 =REFERENCIA CTA/CLABE: 132097882081219136, BEM 15,532.03 4,677.70 SPEI BCO:132 BENEF:PEDRO A. RUIZ (DATO NO VERIF POR ESTA INST), Pago PO 2150 CVE RASTREO: 8846APR1202301172093057624 RFC: GAS070423BB2 IVA: 000000002142.35 MULTIVA BANCO HORA LIQ: 12:34:36",PEDRO A. RUIZ,GAS070423BB2,egreso,0,15532.03,4677.70,0,spei_enviado
txn_2026060073,company_001,acc_eje_001,2026-06-17T12:00:00-06:00,"COMISION ORDEN DE PAGO SPEI REFERENCIA: 0170123 5.00 4,672.70",BANORTE,BNO930209CC1,egreso,0,5.00,4672.70,0,comision
txn_2026060074,company_001,acc_eje_001,2026-06-17T12:00:00-06:00,"I.V.A. ORDEN DE PAGO SPEI REFERENCIA: 0170123 0.80 4,671.90",BANORTE,BNO930209CC1,egreso,0,0.80,4671.90,0,iva_comision
txn_2026060075,company_001,acc_eje_001,2026-06-17T12:00:00-06:00,"BNET01002301170033990674 SPEI RECIBIDO, BCO:0012 BBVA BANCOMER HR LIQ: 14:09:02 DEL 24,000.00 28,671.90 CLIENTE CAFE NORTENO SA DE CV DE LA CLABE 012316475255341928 CON RFC CNM160812AB1 CONCEPTO: Traspaso interno REFERENCIA: 1701230 CVE RAST: BNET01002301170033990674",CAFE NORTENO SA DE CV,CNM160812AB1,ingreso,24000.00,0,28671.90,1,traspaso_interno
txn_2026060076,company_001,acc_eje_001,2026-06-17T12:00:00-06:00,"BNET01002301170034013153 SPEI RECIBIDO, BCO:0012 BBVA BANCOMER HR LIQ: 15:22:43 DEL 30,000.00 58,671.90 CLIENTE CAFE NORTENO SA DE CV DE LA CLABE 012316475255341928 CON RFC CNM160812AB1 CONCEPTO: TRASPASO INTERNO REFERENCIA: 0170123 CVE RAST: BNET01002301170034013153",CAFE NORTENO SA DE CV,CNM160812AB1,ingreso,30000.00,0,58671.90,1,traspaso_interno
txn_2026060077,company_001,acc_eje_001,2026-06-17T12:00:00-06:00,"COMPRA ORDEN DE PAGO SPEI 0170123 =REFERENCIA CTA/CLABE: 002193990916998543, BEM 13,763.77 44,908.13 SPEI BCO:002 BENEF:SOFIA HERNANDEZ (DATO NO VERIF POR ESTA INST), Pago PO 2154 CVE RASTREO: 8846APR2202301172093510966 RFC: GAS061031CC3 IVA: 000000001898.44 BANAMEX HORA LIQ: 16:38:40",SOFIA HERNANDEZ,GAS061031CC3,egreso,0,13763.77,44908.13,0,spei_enviado
txn_2026060078,company_001,acc_eje_001,2026-06-17T12:00:00-06:00,"COMISION ORDEN DE PAGO SPEI REFERENCIA: 0170123 5.00 44,903.13",BANORTE,BNO930209CC1,egreso,0,5.00,44903.13,0,comision
txn_2026060079,company_001,acc_eje_001,2026-06-17T12:00:00-06:00,"I.V.A. ORDEN DE PAGO SPEI REFERENCIA: 0170123 0.80 44,902.33",BANORTE,BNO930209CC1,egreso,0,0.80,44902.33,0,iva_comision
txn_2026060080,company_001,acc_eje_001,2026-06-18T12:00:00-06:00,"MERPAGO*MER PAGO 2 RFC:SUP810525DD4 3,498.00 41,404.33",MERPAGO*MER PAGO 2,SUP810525DD4,egreso,0,3498.00,41404.33,0,tarjeta
txn_2026060081,company_001,acc_eje_001,2026-06-18T12:00:00-06:00,"COMPRA ORDEN DE PAGO SPEI 0180123 =REFERENCIA CTA/CLABE: 002534624751079911, BEM 7,656.00 33,748.33 SPEI BCO:002 BENEF:DIEGO TORRES (DATO NO VERIF POR ESTA INST), Pago PO 2156 CVE RASTREO: 8846APR1202301182094208037 RFC: SUP810525DD4 IVA: 000000001056.00 BANAMEX HORA LIQ: 09:51:38",DIEGO TORRES,SUP810525DD4,egreso,0,7656.00,33748.33,0,spei_enviado
txn_2026060082,company_001,acc_eje_001,2026-06-18T12:00:00-06:00,"COMISION ORDEN DE PAGO SPEI REFERENCIA: 0180123 5.00 33,743.33",BANORTE,BNO930209CC1,egreso,0,5.00,33743.33,0,comision
txn_2026060083,company_001,acc_eje_001,2026-06-18T12:00:00-06:00,"I.V.A. ORDEN DE PAGO SPEI REFERENCIA: 0180123 0.80 33,742.53",BANORTE,BNO930209CC1,egreso,0,0.80,33742.53,0,iva_comision
txn_2026060084,company_001,acc_eje_001,2026-06-19T12:00:00-06:00,"COMPRA ORDEN DE PAGO SPEI 0190123 =REFERENCIA CTA/CLABE: 012838425135427849, BEM 545.20 33,197.33 SPEI BCO:012 BENEF:ANA L. MENDOZA (DATO NO VERIF POR ESTA INST), Pago PO 2164 CVE RASTREO: 8846APR2202301192095677933 RFC: MER210503EE5 IVA: 000000000075.20 BBVA BANCOMER HORA LIQ: 11:20:50",ANA L. MENDOZA,MER210503EE5,egreso,0,545.20,33197.33,0,spei_enviado
txn_2026060085,company_001,acc_eje_001,2026-06-19T12:00:00-06:00,"COMISION ORDEN DE PAGO SPEI REFERENCIA: 0190123 5.00 33,192.33",BANORTE,BNO930209CC1,egreso,0,5.00,33192.33,0,comision
txn_2026060086,company_001,acc_eje_001,2026-06-19T12:00:00-06:00,"I.V.A. ORDEN DE PAGO SPEI REFERENCIA: 0190123 0.80 33,191.53",BANORTE,BNO930209CC1,egreso,0,0.80,33191.53,0,iva_comision
txn_2026060087,company_001,acc_eje_001,2026-06-19T12:00:00-06:00,"COMPRA ORDEN DE PAGO SPEI 0190123 =REFERENCIA CTA/CLABE: 058489638346578713, BEM 4,290.00 28,901.53 SPEI BCO:058 BENEF:MARTIN MEDINA (DATO NO VERIF POR ESTA INST), Pago PO 2169 CVE RASTREO: 8846APR1202301192095884612 RFC: PAY150323GG7 IVA: 000000000000.00 BANREGIO HORA LIQ: 13:13:06",MARTIN MEDINA,PAY150323GG7,egreso,0,4290.00,28901.53,0,spei_enviado
txn_2026060088,company_001,acc_eje_001,2026-06-19T12:00:00-06:00,"COMISION ORDEN DE PAGO SPEI REFERENCIA: 0190123 5.00 28,896.53",BANORTE,BNO930209CC1,egreso,0,5.00,28896.53,0,comision
txn_2026060089,company_001,acc_eje_001,2026-06-19T12:00:00-06:00,"I.V.A. ORDEN DE PAGO SPEI REFERENCIA: 0190123 0.80 28,895.73",BANORTE,BNO930209CC1,egreso,0,0.80,28895.73,0,iva_comision
txn_2026060090,company_001,acc_eje_001,2026-06-20T12:00:00-06:00,"PAYPAL ACOMEE RFC:MER991006FF6 23,984.64 4,911.09",PAYPAL ACOMEE,MER991006FF6,egreso,0,23984.64,4911.09,0,tarjeta
txn_2026060091,company_001,acc_eje_001,2026-06-20T12:00:00-06:00,"TRASPASO A CUENTA DE TERCEROS 0000200123 IVA:00000128.00 , A LA CUENTA: 0564139537 928.00 3,983.09 Pago PO 2177 AL R.F.C. MOPA791027EF3",TERCERO MOPA79,MOPA791027EF3,egreso,0,928.00,3983.09,0,traspaso_terceros
txn_2026060092,company_001,acc_eje_001,2026-06-20T12:00:00-06:00,"COMPRA ORDEN DE PAGO SPEI 0200123 =REFERENCIA CTA/CLABE: 012808412411824493, BEM 775.43 3,207.66 SPEI BCO:012 BENEF:FRANCISCO J. MORALES (DATO NO VERIF POR ESTA INST), Pago PO 2174 CVE RASTREO: 8846APR2202301202097059667 RFC: PAY150323GG7 IVA: 000000000106.95 BBVA BANCOMER HORA LIQ: 10:48:39",FRANCISCO J. MORALES,PAY150323GG7,egreso,0,775.43,3207.66,0,spei_enviado
txn_2026060093,company_001,acc_eje_001,2026-06-20T12:00:00-06:00,"COMISION ORDEN DE PAGO SPEI REFERENCIA: 0200123 5.00 3,202.66",BANORTE,BNO930209CC1,egreso,0,5.00,3202.66,0,comision
txn_2026060094,company_001,acc_eje_001,2026-06-20T12:00:00-06:00,"I.V.A. ORDEN DE PAGO SPEI REFERENCIA: 0200123 0.80 3,201.86",BANORTE,BNO930209CC1,egreso,0,0.80,3201.86,0,iva_comision
txn_2026060095,company_001,acc_eje_001,2026-06-20T12:00:00-06:00,"BNET01002301200034501350 SPEI RECIBIDO, BCO:0012 BBVA BANCOMER HR LIQ: 11:38:52 DEL 50,000.00 53,201.86 CLIENTE CAFE NORTENO SA DE CV DE LA CLABE 012316475255341928 CON RFC CNM160812AB1 CONCEPTO: TRASPASO INTERNO REFERENCIA: 0200123 CVE RAST: BNET01002301200034501350",CAFE NORTENO SA DE CV,CNM160812AB1,ingreso,50000.00,0,53201.86,1,traspaso_interno
txn_2026060096,company_001,acc_eje_001,2026-06-20T12:00:00-06:00,"COMPRA ORDEN DE PAGO SPEI 0200123 =REFERENCIA CTA/CLABE: 058534874016400524, BEM 3,944.00 49,257.86 SPEI BCO:058 BENEF:GUADALUPE PEREZ (DATO NO VERIF POR ESTA INST), Pago PO 2179 CVE RASTREO: 8846APR1202301202097403775 RFC: APP920820HH8 IVA: 000000000544.00 BANREGIO HORA LIQ: 12:57:22",GUADALUPE PEREZ,APP920820HH8,egreso,0,3944.00,49257.86,0,spei_enviado
txn_2026060097,company_001,acc_eje_001,2026-06-20T12:00:00-06:00,"COMISION ORDEN DE PAGO SPEI REFERENCIA: 0200123 5.00 49,252.86",BANORTE,BNO930209CC1,egreso,0,5.00,49252.86,0,comision
txn_2026060098,company_001,acc_eje_001,2026-06-20T12:00:00-06:00,"I.V.A. ORDEN DE PAGO SPEI REFERENCIA: 0200123 0.80 49,252.06",BANORTE,BNO930209CC1,egreso,0,0.80,49252.06,0,iva_comision
txn_2026060099,company_001,acc_eje_001,2026-06-20T12:00:00-06:00,"COMPRA ORDEN DE PAGO SPEI 0200123 =REFERENCIA CTA/CLABE: 036278680112805982, BEM 5,684.00 43,568.06 SPEI BCO:036 BENEF:ARMANDO MORALES (DATO NO VERIF POR ESTA INST), Pago PO 2049 Restante CVE RASTREO: 8846APR1202301202097589820 RFC: DHL880115II9 IVA: 000000004900.00 INBURSA HORA LIQ: 14:03:30",ARMANDO MORALES,DHL880115II9,egreso,0,5684.00,43568.06,0,spei_enviado
txn_2026060100,company_001,acc_eje_001,2026-06-20T12:00:00-06:00,"COMISION ORDEN DE PAGO SPEI REFERENCIA: 0200123 5.00 43,563.06",BANORTE,BNO930209CC1,egreso,0,5.00,43563.06,0,comision
txn_2026060101,company_001,acc_eje_001,2026-06-20T12:00:00-06:00,"I.V.A. ORDEN DE PAGO SPEI REFERENCIA: 0200123 0.80 43,562.26",BANORTE,BNO930209CC1,egreso,0,0.80,43562.26,0,iva_comision
txn_2026060102,company_001,acc_eje_001,2026-06-24T12:00:00-06:00,"2099566CARGO DOMICILIACION CGO DOMICILIACION:VW Leasing LEYENDA: VOLKSWAGEN 11,838.93 31,723.33 LEASING REF SERV EMISOR:0052099566 CVE DE RASTREO:02107200021000820230123039977 REF:2099566 RFC GAS061031CC3 IVA: 0.00","VOLKSWAGEN 11,838.93 31,723.33 LEASING",GAS061031CC3,egreso,0,11838.93,31723.33,0,domiciliacion
txn_2026060103,company_001,acc_eje_001,2026-06-24T12:00:00-06:00,"BNET01002301240035089108 SPEI RECIBIDO, BCO:0012 BBVA BANCOMER HR LIQ: 09:44:30 DEL 5,000.01 36,723.34 CLIENTE DISTRIBUIDORA DEL NORTE SA DE CV DE LA CLABE 012322602563421607 CON RFC DNO200415KX1 CONCEPTO: FACT B9447 REFERENCIA: 0240123 CVE RAST: BNET01002301240035089108",DISTRIBUIDORA DEL NORTE SA DE CV,DNO200415KX1,ingreso,5000.01,0,36723.34,0,spei_recibido
txn_2026060104,company_001,acc_eje_001,2026-06-24T12:00:00-06:00,"TRASPASO A CUENTA DE TERCEROS 0000240123 IVA:00000477.10 , A LA CUENTA: 8480184514 3,459.00 33,264.34 Pago PO 2192 AL R.F.C. MERE850922GH4",TERCERO MERE85,MERE850922GH4,egreso,0,3459.00,33264.34,0,traspaso_terceros
txn_2026060105,company_001,acc_eje_001,2026-06-25T12:00:00-06:00,"TRASPASO A CUENTA DE TERCEROS 0000251023 IVA:00000004.41 , A LA CUENTA: 8480184514 32.00 33,232.34 Pago PO 2194 AL R.F.C. MERE850922GH4",TERCERO MERE85,MERE850922GH4,egreso,0,32.00,33232.34,0,traspaso_terceros
txn_2026060106,company_001,acc_eje_001,2026-06-25T12:00:00-06:00,"TRASPASO A CUENTA DE TERCEROS 0000250123 IVA:00000541.22 , A LA CUENTA: 6270482814 3,923.82 29,308.52 Pago PO 2195 AL R.F.C. LUCI920425IJ5",TERCERO LUCI92,LUCI920425IJ5,egreso,0,3923.82,29308.52,0,traspaso_terceros
txn_2026060107,company_001,acc_eje_001,2026-06-25T12:00:00-06:00,"COMPRA ORDEN DE PAGO SPEI 0250123 =REFERENCIA CTA/CLABE: 012337543303654145, BEM 2,234.25 27,074.27 SPEI BCO:012 BENEF:ISAAC R. LUNA (DATO NO VERIF POR ESTA INST), Pago PO 2062 2079 2091 CVE RASTREO: 8846APR2202301252103612317 RFC: SEG971124JJ1 IVA: 000000000308.17 BBVA BANCOMER HORA LIQ: 12:17:27",ISAAC R. LUNA,SEG971124JJ1,egreso,0,2234.25,27074.27,0,spei_enviado
txn_2026060108,company_001,acc_eje_001,2026-06-25T12:00:00-06:00,"COMISION ORDEN DE PAGO SPEI REFERENCIA: 0250123 5.00 27,069.27",BANORTE,BNO930209CC1,egreso,0,5.00,27069.27,0,comision
txn_2026060109,company_001,acc_eje_001,2026-06-25T12:00:00-06:00,"I.V.A. ORDEN DE PAGO SPEI REFERENCIA: 0250123 0.80 27,068.47",BANORTE,BNO930209CC1,egreso,0,0.80,27068.47,0,iva_comision
txn_2026060110,company_001,acc_eje_001,2026-06-25T12:00:00-06:00,"COMPRA ORDEN DE PAGO SPEI 0250123 =REFERENCIA CTA/CLABE: 030868501429401965, BEM 3,668.98 23,399.49 SPEI BCO:030 BENEF:ELISA MENDEZ (DATO NO VERIF POR ESTA INST), Pago PO 2024 CVE RASTREO: 8846APR2202301252103612320 RFC: COS910715KK2 IVA: 000000000506.07 BAJIO HORA LIQ: 12:17:27",ELISA MENDEZ,COS910715KK2,egreso,0,3668.98,23399.49,0,spei_enviado
txn_2026060111,company_001,acc_eje_001,2026-06-25T12:00:00-06:00,"COMISION ORDEN DE PAGO SPEI REFERENCIA: 0250123 5.00 23,394.49",BANORTE,BNO930209CC1,egreso,0,5.00,23394.49,0,comision
txn_2026060112,company_001,acc_eje_001,2026-06-25T12:00:00-06:00,"I.V.A. ORDEN DE PAGO SPEI REFERENCIA: 0250123 0.80 23,393.69",BANORTE,BNO930209CC1,egreso,0,0.80,23393.69,0,iva_comision
txn_2026060113,company_001,acc_eje_001,2026-06-26T12:00:00-06:00,"BNET01002301260035492276 SPEI RECIBIDO, BCO:0012 BBVA BANCOMER HR LIQ: 10:51:52 DEL 30,000.00 53,393.69 CLIENTE CAFE NORTENO SA DE CV DE LA CLABE 012316475255341928 CON RFC CNM160812AB1 CONCEPTO: TRASPASO INTERNO REFERENCIA: 0260123 CVE RAST: BNET01002301260035492276",CAFE NORTENO SA DE CV,CNM160812AB1,ingreso,30000.00,0,53393.69,1,traspaso_interno
txn_2026060114,company_001,acc_eje_001,2026-06-26T12:00:00-06:00,"COMPRA ORDEN DE PAGO SPEI 0260123 =REFERENCIA CTA/CLABE: 002569816934060883, BEM 5,733.42 47,660.27 SPEI BCO:002 BENEF:MARTIN MEDINA (DATO NO VERIF POR ESTA INST), Pago PO 2203 CVE RASTREO: 8846APR2202301262104813306 RFC: TEL670000LL3 IVA: 000000000790.82 BANAMEX HORA LIQ: 11:04:18",MARTIN MEDINA,TEL670000LL3,egreso,0,5733.42,47660.27,0,spei_enviado
txn_2026060115,company_001,acc_eje_001,2026-06-26T12:00:00-06:00,"COMISION ORDEN DE PAGO SPEI REFERENCIA: 0260123 5.00 47,655.27",BANORTE,BNO930209CC1,egreso,0,5.00,47655.27,0,comision
txn_2026060116,company_001,acc_eje_001,2026-06-26T12:00:00-06:00,"I.V.A. ORDEN DE PAGO SPEI REFERENCIA: 0260123 0.80 47,654.47",BANORTE,BNO930209CC1,egreso,0,0.80,47654.47,0,iva_comision
txn_2026060117,company_001,acc_eje_001,2026-06-26T12:00:00-06:00,"PAGO REFERENCIADO 579134402623 Impuesto Deposito Referenciado 930.00 46,724.47",PAGO DE IMPUESTOS,,egreso,0,930.00,46724.47,0,impuestos
txn_2026060118,company_001,acc_eje_001,2026-06-26T12:00:00-06:00,"PAGO REFERENCIADO 579134502623 Impuesto Deposito Referenciado 1,619.00 45,105.47",PAGO DE IMPUESTOS,,egreso,0,1619.00,45105.47,0,impuestos
txn_2026060119,company_001,acc_eje_001,2026-06-26T12:00:00-06:00,"PAGO REFERENCIADO 579134602623 Impuesto Deposito Referenciado 7,574.00 37,531.47",PAGO DE IMPUESTOS,,egreso,0,7574.00,37531.47,0,impuestos
txn_2026060120,company_001,acc_eje_001,2026-06-26T12:00:00-06:00,"CHEQUE PAGADO 0000224 CHQ.PAG0 SUC GOBIERNO DEL ES 5,475.00 32,056.47 0000000000000000000000002329012920230125",CHEQUE PAGADO 0000224 CHQ.PAG0 SUC GOBIE,,egreso,0,5475.00,32056.47,0,otro
txn_2026060121,company_001,acc_eje_001,2026-06-26T12:00:00-06:00,"CHEQUE PAGADO 0000223 CHQ.PAG0 SUC GOBIERNO DEL ES 7,867.00 24,189.47 0000000000000000000000002329070220230125",CHEQUE PAGADO 0000223 CHQ.PAG0 SUC GOBIE,,egreso,0,7867.00,24189.47,0,otro
txn_2026060122,company_001,acc_eje_001,2026-06-26T12:00:00-06:00,"CHEQUE PAGADO 0000222 CHQ.PAG0 SUC GOBIERNO DEL ES 5,486.00 18,703.47 0000000000000000000000002329046920230125",CHEQUE PAGADO 0000222 CHQ.PAG0 SUC GOBIE,,egreso,0,5486.00,18703.47,0,otro
txn_2026060123,company_001,acc_eje_001,2026-06-30T12:00:00-06:00,"085236629946804436 SPEI RECIBIDO, BCO:0002 BANAMEX HR LIQ: 10:47:25 DEL CLIENTE COMERCIALIZADORA DEL BAJIO SA DE CV DE LA CLABE 002995777387214895 CON RFC CBA170221B46 CONCEPTO: F9251Y9442 A SERV HMM DE IMDR REFERENCIA: 0009251 CVE RAST: 085236629946804436",COMERCIALIZADORA DEL BAJIO SA DE CV,CBA170221B46,ingreso,8024.17,0,26727.64,0,spei_recibido
txn_2026060124,company_001,acc_eje_001,2026-06-30T12:00:00-06:00,"COMPRA ORDEN DE PAGO SPEI 0300123 =REFERENCIA CTA/CLABE: 002134332003791769, BEM 1,750.44 24,977.20 SPEI BCO:002 BENEF:ANDRES M. DIEZ (DATO NO VERIF POR ESTA INST), Pago PO 2236 CVE RASTREO: 8846APR1202301302111301816 RFC: SUN850309AA1 IVA: 000000000241.44 BANAMEX HORA LIQ: 13:32:22",ANDRES M. DIEZ,SUN850309AA1,egreso,0,1750.44,24977.20,0,spei_enviado
txn_2026060125,company_001,acc_eje_001,2026-06-30T12:00:00-06:00,"COMISION ORDEN DE PAGO SPEI REFERENCIA: 0300123 5.00 24,972.20",BANORTE,BNO930209CC1,egreso,0,5.00,24972.20,0,comision
txn_2026060126,company_001,acc_eje_001,2026-06-30T12:00:00-06:00,"I.V.A. ORDEN DE PAGO SPEI REFERENCIA: 0300123 0.80 24,971.40",BANORTE,BNO930209CC1,egreso,0,0.80,24971.40,0,iva_comision
txn_2026060127,company_001,acc_eje_001,2026-06-30T12:00:00-06:00,"COMPRA ORDEN DE PAGO SPEI 0310123 =REFERENCIA CTA/CLABE: 012367632016328708, BEM 765.60 24,205.80 SPEI BCO:012 BENEF:JORGE L. CAMPOS (DATO NO VERIF POR ESTA INST), Pago PO 2244 CVE RASTREO: 8846APR1202301312114749093 RFC: GAS070423BB2 IVA: 000000000105.60 BBVA BANCOMER HORA LIQ: 17:43:42",JORGE L. CAMPOS,GAS070423BB2,egreso,0,765.60,24205.80,0,spei_enviado
txn_2026060128,company_001,acc_eje_001,2026-06-30T12:00:00-06:00,"COMISION ORDEN DE PAGO SPEI REFERENCIA: 0310123 5.00 24,200.80",BANORTE,BNO930209CC1,egreso,0,5.00,24200.80,0,comision
txn_2026060129,company_001,acc_eje_001,2026-06-30T12:00:00-06:00,"I.V.A. ORDEN DE PAGO SPEI REFERENCIA: 0310123 0.80 24,200.00",BANORTE,BNO930209CC1,egreso,0,0.80,24200.00,0,iva_comision
txn_2026060130,company_001,acc_eje_001,2026-06-30T12:00:00-06:00,"COM MEMB P.M. COMISION MEMBRESIA P. MORAL 0123 400.00 23,800.00",BANORTE,BNO930209CC1,egreso,0,400.00,23800.00,0,comision
txn_2026060131,company_001,acc_eje_001,2026-06-30T12:00:00-06:00,"IVA COM MEMB P.M. COMISION MEMBRESIA P. MORAL 0123 64.00 23,736.00",BANORTE,BNO930209CC1,egreso,0,64.00,23736.00,0,comision
txn_2026060132,company_001,acc_eje_001,2026-06-30T12:00:00-06:00,"COMISION POR CHEQUES EXPEDIDOS 00003 OP. EXCEDIDAS A MEMBRESIA 0123 54.00 23,682.00",BANORTE,BNO930209CC1,egreso,0,54.00,23682.00,0,comision
txn_2026060133,company_001,acc_eje_001,2026-06-30T12:00:00-06:00,"IVA 00003 OP. EXCEDIDAS A MEMBRESIA 0123 8.64 23,673.36",BANORTE,BNO930209CC1,egreso,0,8.64,23673.36,0,iva_comision
txn_2026070134,company_001,acc_eje_001,2026-07-01T12:00:00-06:00,"PAGO REFERENCIADO 585505303223 Impuesto Deposito Referenciado 974.00 22,699.36",PAGO DE IMPUESTOS,,egreso,0,974.00,22699.36,0,impuestos
txn_2026070135,company_001,acc_eje_001,2026-07-01T12:00:00-06:00,"PAGO REFERENCIADO 585505403223 Impuesto Deposito Referenciado 5,785.00 16,914.36",PAGO DE IMPUESTOS,,egreso,0,5785.00,16914.36,0,impuestos
txn_2026070136,company_001,acc_eje_001,2026-07-01T12:00:00-06:00,"PAGO REFERENCIADO 585505503223 Impuesto Deposito Referenciado 1,157.00 15,757.36",PAGO DE IMPUESTOS,,egreso,0,1157.00,15757.36,0,impuestos
txn_2026070137,company_001,acc_eje_001,2026-07-02T12:00:00-06:00,"2238070CARGO DOMICILIACION 4,852.49 10,904.87","2238070CARGO DOMICILIACION 4,852.49 10,9",,egreso,0,4852.49,10904.87,0,domiciliacion
txn_2026070138,company_001,acc_eje_001,2026-07-02T12:00:00-06:00,"COMPRA ORDEN DE PAGO SPEI 1,538.44 9,366.43","COMPRA ORDEN DE PAGO SPEI 1,538.44 9,366",,egreso,0,1538.44,9366.43,0,spei_enviado
txn_2026070139,company_001,acc_eje_001,2026-07-02T12:00:00-06:00,"COMISION ORDEN DE PAGO SPEI REFERENCIA: 0020223 5.00 9,361.43",BANORTE,BNO930209CC1,egreso,0,5.00,9361.43,0,comision
txn_2026070140,company_001,acc_eje_001,2026-07-02T12:00:00-06:00,"I.V.A. ORDEN DE PAGO SPEI REFERENCIA: 0020223 0.80 9,360.63",BANORTE,BNO930209CC1,egreso,0,0.80,9360.63,0,iva_comision
txn_2026070141,company_001,acc_eje_001,2026-07-02T12:00:00-06:00,"BNET01002302020037084111 SPEI RECIBIDO, BCO:0012 BBVA BANCOMER HR LIQ: 11:55:32 DEL 1.00 9,361.63 CLIENTE CAFE NORTENO SA DE CV DE LA CLABE 012316475255341928 CON RFC CNM160812AB1 CONCEPTO: TRASPASO INTERNO REFERENCIA: 0020223 CVE RAST: BNET01002302020037084111",CAFE NORTENO SA DE CV,CNM160812AB1,ingreso,1.00,0,9361.63,1,traspaso_interno
txn_2026070142,company_001,acc_eje_001,2026-07-03T12:00:00-06:00,"COMPRA ORDEN DE PAGO SPEI 0030223 =REFERENCIA CTA/CLABE: 012337543303654145, BEM 293.99 9,067.64 SPEI BCO:012 BENEF:ISAAC R. LUNA (DATO NO VERIF POR ESTA INST), Pago PO 2180 CVE RASTREO: 8846APR2202302032120054977 RFC: SEG971124JJ1 IVA: 000000000040.55 BBVA BANCOMER HORA LIQ: 10:59:15",ISAAC R. LUNA,SEG971124JJ1,egreso,0,293.99,9067.64,0,spei_enviado
txn_2026070143,company_001,acc_eje_001,2026-07-03T12:00:00-06:00,"COMISION ORDEN DE PAGO SPEI REFERENCIA: 0030223 5.00 9,062.64",BANORTE,BNO930209CC1,egreso,0,5.00,9062.64,0,comision
txn_2026070144,company_001,acc_eje_001,2026-07-03T12:00:00-06:00,"I.V.A. ORDEN DE PAGO SPEI REFERENCIA: 0030223 0.80 9,061.84",BANORTE,BNO930209CC1,egreso,0,0.80,9061.84,0,iva_comision
txn_2026070145,company_001,acc_eje_001,2026-07-03T12:00:00-06:00,"COMPRA ORDEN DE PAGO SPEI 0030223 =REFERENCIA CTA/CLABE: 012317278895798687, BEM 1,128.95 7,932.89 SPEI BCO:012 BENEF:MARIA F. SOTO (DATO NO VERIF POR ESTA INST), Pago PO 2058 2060 2064 2089 CVE RASTREO: 8846APR2202302032120054981 RFC: GAS061031CC3 IVA: 000000000155.72 BBVA BANCOMER HORA LIQ: 10:59:15",MARIA F. SOTO,GAS061031CC3,egreso,0,1128.95,7932.89,0,spei_enviado
txn_2026070146,company_001,acc_eje_001,2026-07-03T12:00:00-06:00,"COMISION ORDEN DE PAGO SPEI REFERENCIA: 0030223 5.00 7,927.89",BANORTE,BNO930209CC1,egreso,0,5.00,7927.89,0,comision
txn_2026070147,company_001,acc_eje_001,2026-07-03T12:00:00-06:00,"I.V.A. ORDEN DE PAGO SPEI REFERENCIA: 0030223 0.80 7,927.09",BANORTE,BNO930209CC1,egreso,0,0.80,7927.09,0,iva_comision
txn_2026070148,company_001,acc_eje_001,2026-07-03T12:00:00-06:00,"COMPRA ORDEN DE PAGO SPEI 0030223 =REFERENCIA CTA/CLABE: 012277434873471434, BEM 8.16 7,918.93 SPEI BCO:012 BENEF:CARLOS R. VEGA (DATO NO VERIF POR ESTA INST), Pago PO 2056 CVE RASTREO: 8846APR1202302032120054999 RFC: SUP810525DD4 IVA: 000000000001.12 BBVA BANCOMER HORA LIQ: 10:59:15",CARLOS R. VEGA,SUP810525DD4,egreso,0,8.16,7918.93,0,spei_enviado
txn_2026070149,company_001,acc_eje_001,2026-07-03T12:00:00-06:00,"COMISION ORDEN DE PAGO SPEI REFERENCIA: 0030223 5.00 7,913.93",BANORTE,BNO930209CC1,egreso,0,5.00,7913.93,0,comision
txn_2026070150,company_001,acc_eje_001,2026-07-03T12:00:00-06:00,"I.V.A. ORDEN DE PAGO SPEI REFERENCIA: 0030223 0.80 7,913.13",BANORTE,BNO930209CC1,egreso,0,0.80,7913.13,0,iva_comision
txn_2026070151,company_001,acc_eje_001,2026-07-08T12:00:00-06:00,"BNET01002302080038000452 SPEI RECIBIDO, BCO:0012 BBVA BANCOMER HR LIQ: 12:07:21 DEL 20,000.00 27,913.13 CLIENTE CAFE NORTENO SA DE CV DE LA CLABE 012316475255341928 CON RFC CNM160812AB1 CONCEPTO: TRASPASO INTERNO REFERENCIA: 0080223 CVE RAST: BNET01002302080038000452",CAFE NORTENO SA DE CV,CNM160812AB1,ingreso,20000.00,0,27913.13,1,traspaso_interno
txn_2026070152,company_001,acc_eje_001,2026-07-08T12:00:00-06:00,"COMPRA ORDEN DE PAGO SPEI 0080223 =REFERENCIA CTA/CLABE: 012746872343098050, BEM 10,620.01 17,293.12 SPEI BCO:012 BENEF:LUCIA FERNANDEZ (DATO NO VERIF POR ESTA INST), Pago PO 2262 CVE RASTREO: 8846APR2202302082126744314 RFC: SUN850309AA1 IVA: 000000001464.83 BBVA BANCOMER HORA LIQ: 12:43:03",LUCIA FERNANDEZ,SUN850309AA1,egreso,0,10620.01,17293.12,0,spei_enviado
txn_2026070153,company_001,acc_eje_001,2026-07-08T12:00:00-06:00,"COMISION ORDEN DE PAGO SPEI REFERENCIA: 0080223 5.00 17,288.12",BANORTE,BNO930209CC1,egreso,0,5.00,17288.12,0,comision
txn_2026070154,company_001,acc_eje_001,2026-07-08T12:00:00-06:00,"I.V.A. ORDEN DE PAGO SPEI REFERENCIA: 0080223 0.80 17,287.32",BANORTE,BNO930209CC1,egreso,0,0.80,17287.32,0,iva_comision
txn_2026070155,company_001,acc_eje_001,2026-07-08T12:00:00-06:00,"BNET01002302080038049120 SPEI RECIBIDO, BCO:0012 BBVA BANCOMER HR LIQ: 14:13:53 DEL 30,000.00 47,287.32 CLIENTE CAFE NORTENO SA DE CV DE LA CLABE 012316475255341928 CON RFC CNM160812AB1 CONCEPTO: TRASPASO INTERNO REFERENCIA: 0080223 CVE RAST: BNET01002302080038049120",CAFE NORTENO SA DE CV,CNM160812AB1,ingreso,30000.00,0,47287.32,1,traspaso_interno
txn_2026070156,company_001,acc_eje_001,2026-07-08T12:00:00-06:00,"COMPRA ORDEN DE PAGO SPEI 0080223 =REFERENCIA CTA/CLABE: 012746872343098050, BEM 17,056.94 30,230.38 SPEI BCO:012 BENEF:LUCIA FERNANDEZ (DATO NO VERIF POR ESTA INST), Pago PO 2267 CVE RASTREO: 8846APR2202302082126918075 RFC: SUN850309AA1 IVA: 000000002352.68 BBVA BANCOMER HORA LIQ: 14:16:53",LUCIA FERNANDEZ,SUN850309AA1,egreso,0,17056.94,30230.38,0,spei_enviado
txn_2026070157,company_001,acc_eje_001,2026-07-08T12:00:00-06:00,"COMISION ORDEN DE PAGO SPEI REFERENCIA: 0080223 5.00 30,225.38",BANORTE,BNO930209CC1,egreso,0,5.00,30225.38,0,comision
txn_2026070158,company_001,acc_eje_001,2026-07-08T12:00:00-06:00,"I.V.A. ORDEN DE PAGO SPEI REFERENCIA: 0080223 0.80 30,224.58",BANORTE,BNO930209CC1,egreso,0,0.80,30224.58,0,iva_comision
txn_2026070159,company_001,acc_eje_001,2026-07-09T12:00:00-06:00,"ELECTRONICA INDUSTRIAL MX MONEDA ORIGEN: 32.59 USD USD : 32.59 TIPO CAMBIO : 19.1469 618.64 29,605.94",ELECTRONICA INDUSTRIAL MX MONEDA ORIGEN:,,egreso,0,618.64,29605.94,0,otro
txn_2026070160,company_001,acc_eje_001,2026-07-09T12:00:00-06:00,"COMPRA ORDEN DE PAGO SPEI 0090223 =REFERENCIA CTA/CLABE: 012367632016328708, BEM 1,020.80 28,585.14 SPEI BCO:012 BENEF:JORGE L. CAMPOS (DATO NO VERIF POR ESTA INST), Pago PO 2275 CVE RASTREO: 8846APR1202302092128204843 RFC: GAS070423BB2 IVA: 000000000140.80 BBVA BANCOMER HORA LIQ: 13:07:07",JORGE L. CAMPOS,GAS070423BB2,egreso,0,1020.80,28585.14,0,spei_enviado
txn_2026070161,company_001,acc_eje_001,2026-07-09T12:00:00-06:00,"COMISION ORDEN DE PAGO SPEI REFERENCIA: 0090223 5.00 28,580.14",BANORTE,BNO930209CC1,egreso,0,5.00,28580.14,0,comision
txn_2026070162,company_001,acc_eje_001,2026-07-09T12:00:00-06:00,"I.V.A. ORDEN DE PAGO SPEI REFERENCIA: 0090223 0.80 28,579.34",BANORTE,BNO930209CC1,egreso,0,0.80,28579.34,0,iva_comision
txn_2026070163,company_001,acc_eje_001,2026-07-09T12:00:00-06:00,"COMPRA ORDEN DE PAGO SPEI 0090223 =REFERENCIA CTA/CLABE: 058489638346578713, BEM 4,290.00 24,289.34 SPEI BCO:058 BENEF:MARTIN MEDINA (DATO NO VERIF POR ESTA INST), Pago PO 2271 CVE RASTREO: 8846APR2202302092128204847 RFC: PAY150323GG7 IVA: 000000000000.00 BANREGIO HORA LIQ: 13:07:07",MARTIN MEDINA,PAY150323GG7,egreso,0,4290.00,24289.34,0,spei_enviado
txn_2026070164,company_001,acc_eje_001,2026-07-09T12:00:00-06:00,"COMISION ORDEN DE PAGO SPEI REFERENCIA: 0090223 5.00 24,284.34",BANORTE,BNO930209CC1,egreso,0,5.00,24284.34,0,comision
txn_2026070165,company_001,acc_eje_001,2026-07-09T12:00:00-06:00,"I.V.A. ORDEN DE PAGO SPEI REFERENCIA: 0090223 0.80 24,283.54",BANORTE,BNO930209CC1,egreso,0,0.80,24283.54,0,iva_comision
txn_2026070166,company_001,acc_eje_001,2026-07-10T12:00:00-06:00,"APPLE ONLINE STORE RFC:MER210503EE5 6,588.00 17,695.54",APPLE ONLINE STORE,MER210503EE5,egreso,0,6588.00,17695.54,0,tarjeta
txn_2026070167,company_001,acc_eje_001,2026-07-10T12:00:00-06:00,"TRASPASO A CUENTA DE TERCEROS 0000100223 IVA:00000008.83 , A LA CUENTA: 8480184514 64.00 17,631.54 Pago PO 2279 AL R.F.C. MERE850922GH4",TERCERO MERE85,MERE850922GH4,egreso,0,64.00,17631.54,0,traspaso_terceros
txn_2026070168,company_001,acc_eje_001,2026-07-10T12:00:00-06:00,"COMPRA ORDEN DE PAGO SPEI 0100223 =REFERENCIA CTA/CLABE: 002193990916998543, BEM 682.78 16,948.76 SPEI BCO:002 BENEF:SOFIA HERNANDEZ (DATO NO VERIF POR ESTA INST), Pago PO 2280 CVE RASTREO: 8846APR1202302102129552986 RFC: GAS061031CC3 IVA: 000000000094.17 BANAMEX HORA LIQ: 10:15:56",SOFIA HERNANDEZ,GAS061031CC3,egreso,0,682.78,16948.76,0,spei_enviado
txn_2026070169,company_001,acc_eje_001,2026-07-10T12:00:00-06:00,"COMISION ORDEN DE PAGO SPEI REFERENCIA: 0100223 5.00 16,943.76",BANORTE,BNO930209CC1,egreso,0,5.00,16943.76,0,comision
txn_2026070170,company_001,acc_eje_001,2026-07-10T12:00:00-06:00,"I.V.A. ORDEN DE PAGO SPEI REFERENCIA: 0100223 0.80 16,942.96",BANORTE,BNO930209CC1,egreso,0,0.80,16942.96,0,iva_comision
txn_2026070171,company_001,acc_eje_001,2026-07-13T12:00:00-06:00,"BNET01002302130038829527 SPEI RECIBIDO, BCO:0012 BBVA BANCOMER HR LIQ: 09:48:24 DEL 50,000.00 66,942.96 CLIENTE CAFE NORTENO SA DE CV DE LA CLABE 012316475255341928 CON RFC CNM160812AB1 CONCEPTO: TRASPASO INTERNO REFERENCIA: 0130223 CVE RAST: BNET01002302130038829527",CAFE NORTENO SA DE CV,CNM160812AB1,ingreso,50000.00,0,66942.96,1,traspaso_interno
txn_2026070172,company_001,acc_eje_001,2026-07-13T12:00:00-06:00,"PAGO DE LDC-IMSS ALTA: Z1KPHF784C3H16UCP5258000JXK3000000000000000000000CA4N ID 9,299.55 57,643.41 PAGO: Z3428909108202301319273 TOTAL: 5581223623166587 RASTREO: 000004874",IMSS,,egreso,0,9299.55,57643.41,0,imss
txn_2026070173,company_001,acc_eje_001,2026-07-13T12:00:00-06:00,"COMPRA ORDEN DE PAGO SPEI 0130223 =REFERENCIA CTA/CLABE: 012315098393010310, BEM 18,940.13 38,703.28 SPEI BCO:012 BENEF:ANDRES M. DIEZ (DATO NO VERIF POR ESTA INST), Pago PO 2285 CVE RASTREO: 8846APR1202302132133630716 RFC: APP920820HH8 IVA: 000000002612.43 BBVA BANCOMER HORA LIQ: 09:57:45",ANDRES M. DIEZ,APP920820HH8,egreso,0,18940.13,38703.28,0,spei_enviado
txn_2026070174,company_001,acc_eje_001,2026-07-13T12:00:00-06:00,"COMISION ORDEN DE PAGO SPEI REFERENCIA: 0130223 5.00 38,698.28",BANORTE,BNO930209CC1,egreso,0,5.00,38698.28,0,comision
txn_2026070175,company_001,acc_eje_001,2026-07-13T12:00:00-06:00,"I.V.A. ORDEN DE PAGO SPEI REFERENCIA: 0130223 0.80 38,697.48",BANORTE,BNO930209CC1,egreso,0,0.80,38697.48,0,iva_comision
txn_2026070176,company_001,acc_eje_001,2026-07-13T12:00:00-06:00,"COMPRA ORDEN DE PAGO SPEI 0130223 =REFERENCIA CTA/CLABE: 012603669096705466, BEM 15,272.70 23,424.78 SPEI BCO:012 BENEF:LUCIA FERNANDEZ (DATO NO VERIF POR ESTA INST), Pago PO 1729 restante CVE RASTREO: 8846APR1202302132133630717 RFC: MER991006FF6 IVA: 000000002106.58 BBVA BANCOMER HORA LIQ: 09:57:45",LUCIA FERNANDEZ,MER991006FF6,egreso,0,15272.70,23424.78,0,spei_enviado
txn_2026070177,company_001,acc_eje_001,2026-07-13T12:00:00-06:00,"COMISION ORDEN DE PAGO SPEI REFERENCIA: 0130223 5.00 23,419.78",BANORTE,BNO930209CC1,egreso,0,5.00,23419.78,0,comision
txn_2026070178,company_001,acc_eje_001,2026-07-13T12:00:00-06:00,"I.V.A. ORDEN DE PAGO SPEI REFERENCIA: 0130223 0.80 23,418.98",BANORTE,BNO930209CC1,egreso,0,0.80,23418.98,0,iva_comision
txn_2026070179,company_001,acc_eje_001,2026-07-13T12:00:00-06:00,"COMPRA ORDEN DE PAGO SPEI 0130223 =REFERENCIA CTA/CLABE: 012337543303654145, BEM 4,911.92 18,507.06 SPEI BCO:012 BENEF:ISAAC R. LUNA (DATO NO VERIF POR ESTA INST), Pago PO 2175 2191 2208 CVE RASTREO: 8846APR1202302132133630755 RFC: SEG971124JJ1 IVA: 000000000677.51 BBVA BANCOMER HORA LIQ: 09:57:45",ISAAC R. LUNA,SEG971124JJ1,egreso,0,4911.92,18507.06,0,spei_enviado
txn_2026070180,company_001,acc_eje_001,2026-07-13T12:00:00-06:00,"COMISION ORDEN DE PAGO SPEI REFERENCIA: 0130223 5.00 18,502.06",BANORTE,BNO930209CC1,egreso,0,5.00,18502.06,0,comision
txn_2026070181,company_001,acc_eje_001,2026-07-13T12:00:00-06:00,"I.V.A. ORDEN DE PAGO SPEI REFERENCIA: 0130223 0.80 18,501.26",BANORTE,BNO930209CC1,egreso,0,0.80,18501.26,0,iva_comision
txn_2026070182,company_001,acc_eje_001,2026-07-13T12:00:00-06:00,"COMPRA ORDEN DE PAGO SPEI 0130223 =REFERENCIA CTA/CLABE: 012277434873471434, BEM 310.30 18,190.96 SPEI BCO:012 BENEF:CARLOS R. VEGA (DATO NO VERIF POR ESTA INST), Pago PO 2088 CVE RASTREO: 8846APR1202302132133630757 RFC: SUP810525DD4 IVA: 000000000042.80 BBVA BANCOMER HORA LIQ: 09:57:45",CARLOS R. VEGA,SUP810525DD4,egreso,0,310.30,18190.96,0,spei_enviado
txn_2026070183,company_001,acc_eje_001,2026-07-13T12:00:00-06:00,"COMISION ORDEN DE PAGO SPEI REFERENCIA: 0130223 5.00 18,185.96",BANORTE,BNO930209CC1,egreso,0,5.00,18185.96,0,comision
txn_2026070184,company_001,acc_eje_001,2026-07-13T12:00:00-06:00,"I.V.A. ORDEN DE PAGO SPEI REFERENCIA: 0130223 0.80 18,185.16",BANORTE,BNO930209CC1,egreso,0,0.80,18185.16,0,iva_comision
txn_2026070185,company_001,acc_eje_001,2026-07-13T12:00:00-06:00,"COMPRA ORDEN DE PAGO SPEI 0130223 =REFERENCIA CTA/CLABE: 002889373467065627, BEM 12,249.48 5,935.68 SPEI BCO:002 BENEF:PEDRO A. RUIZ (DATO NO VERIF POR ESTA INST), Pago PO 2057 2065 CVE RASTREO: 8846APR1202302132133630761 RFC: PAY150323GG7 IVA: 000000001689.58 BANAMEX HORA LIQ: 09:57:46",PEDRO A. RUIZ,PAY150323GG7,egreso,0,12249.48,5935.68,0,spei_enviado
txn_2026070186,company_001,acc_eje_001,2026-07-13T12:00:00-06:00,"COMISION ORDEN DE PAGO SPEI REFERENCIA: 0130223 5.00 5,930.68",BANORTE,BNO930209CC1,egreso,0,5.00,5930.68,0,comision
txn_2026070187,company_001,acc_eje_001,2026-07-13T12:00:00-06:00,"I.V.A. ORDEN DE PAGO SPEI REFERENCIA: 0130223 0.80 5,929.88",BANORTE,BNO930209CC1,egreso,0,0.80,5929.88,0,iva_comision
txn_2026070188,company_001,acc_eje_001,2026-07-13T12:00:00-06:00,"COMPRA ORDEN DE PAGO SPEI 0130223 =REFERENCIA CTA/CLABE: 002518347382997376, BEM 327.58 5,602.30 SPEI BCO:002 BENEF:JORGE L. CAMPOS (DATO NO VERIF POR ESTA INST), Pago PO 2290 CVE RASTREO: 8846APR1202302132133965364 RFC: DHL880115II9 IVA: 000000000045.18 BANAMEX HORA LIQ: 12:45:50",JORGE L. CAMPOS,DHL880115II9,egreso,0,327.58,5602.30,0,spei_enviado
txn_2026070189,company_001,acc_eje_001,2026-07-13T12:00:00-06:00,"COMISION ORDEN DE PAGO SPEI REFERENCIA: 0130223 5.00 5,597.30",BANORTE,BNO930209CC1,egreso,0,5.00,5597.30,0,comision
txn_2026070190,company_001,acc_eje_001,2026-07-13T12:00:00-06:00,"I.V.A. ORDEN DE PAGO SPEI REFERENCIA: 0130223 0.80 5,596.50",BANORTE,BNO930209CC1,egreso,0,0.80,5596.50,0,iva_comision
txn_2026070191,company_001,acc_eje_001,2026-07-13T12:00:00-06:00,"TRASPASO A CUENTA DE TERCEROS 0000130223 IVA:00000256.00 , A LA CUENTA: 0564139537 1,856.00 3,740.50 Pago PO 2292 AL R.F.C. MOPA791027EF3",TERCERO MOPA79,MOPA791027EF3,egreso,0,1856.00,3740.50,0,traspaso_terceros
txn_2026070192,company_001,acc_eje_001,2026-07-13T12:00:00-06:00,"BNET01002302130038982529 SPEI RECIBIDO, BCO:0012 BBVA BANCOMER HR LIQ: 17:15:08 DEL 7,500.00 11,240.50 CLIENTE CAFE NORTENO SA DE CV DE LA CLABE 012316475255341928 CON RFC CNM160812AB1 CONCEPTO: Traspaso interno REFERENCIA: 1302230 CVE RAST: BNET01002302130038982529",CAFE NORTENO SA DE CV,CNM160812AB1,ingreso,7500.00,0,11240.50,1,traspaso_interno
txn_2026070193,company_001,acc_eje_001,2026-07-13T12:00:00-06:00,"COMPRA ORDEN DE PAGO SPEI 0130223 =REFERENCIA CTA/CLABE: 002298069901627204, BEM 9,848.40 1,392.10 SPEI BCO:002 BENEF:SOFIA HERNANDEZ (DATO NO VERIF POR ESTA INST), Pago PO 2294 CVE RASTREO: 8846APR2202302132134555632 RFC: APP920820HH8 IVA: 000000001358.40 BANAMEX HORA LIQ: 17:35:24",SOFIA HERNANDEZ,APP920820HH8,egreso,0,9848.40,1392.10,0,spei_enviado
txn_2026070194,company_001,acc_eje_001,2026-07-13T12:00:00-06:00,"COMISION ORDEN DE PAGO SPEI REFERENCIA: 0130223 5.00 1,387.10",BANORTE,BNO930209CC1,egreso,0,5.00,1387.10,0,comision
txn_2026070195,company_001,acc_eje_001,2026-07-13T12:00:00-06:00,"I.V.A. ORDEN DE PAGO SPEI REFERENCIA: 0130223 0.80 1,386.30",BANORTE,BNO930209CC1,egreso,0,0.80,1386.30,0,iva_comision
txn_2026070196,company_001,acc_eje_001,2026-07-14T12:00:00-06:00,"BNET01002302140039065923 SPEI RECIBIDO, BCO:0012 BBVA BANCOMER HR LIQ: 11:06:17 DEL 25,000.00 26,386.30 CLIENTE CAFE NORTENO SA DE CV DE LA CLABE 012316475255341928 CON RFC CNM160812AB1 CONCEPTO: TRASPASO INTERNO REFERENCIA: 0140223 CVE RAST: BNET01002302140039065923",CAFE NORTENO SA DE CV,CNM160812AB1,ingreso,25000.00,0,26386.30,1,traspaso_interno
txn_2026070197,company_001,acc_eje_001,2026-07-14T12:00:00-06:00,"085653755646417080 SPEI RECIBIDO, BCO:0002 BANAMEX HR LIQ: 12:18:16 DEL CLIENTE COMERCIALIZADORA DEL BAJIO SA DE CV DE LA CLABE 002995777387214895 CON RFC CBA170221B46 CONCEPTO: 9469Y76 A SERV IND HMM DE IMDR REFERENCIA: 0009469 CVE RAST: 085653755646417080",COMERCIALIZADORA DEL BAJIO SA DE CV,CBA170221B46,ingreso,11950.09,0,38336.39,0,spei_recibido
txn_2026070198,company_001,acc_eje_001,2026-07-14T12:00:00-06:00,"TRASPASO A CUENTA DE TERCEROS 0000140223 IVA:00000477.10 , A LA CUENTA: 8480184514 3,459.00 34,877.39 Pago PO 2304 AL R.F.C. MERE850922GH4",TERCERO MERE85,MERE850922GH4,egreso,0,3459.00,34877.39,0,traspaso_terceros
txn_2026070199,company_001,acc_eje_001,2026-07-15T12:00:00-06:00,"COMPRA ORDEN DE PAGO SPEI 0150223 =REFERENCIA CTA/CLABE: 044816184959310341, BEM 870.00 34,007.39 SPEI BCO:044 BENEF:ARMANDO MORALES (DATO NO VERIF POR ESTA INST), Pago PO 2256 CVE RASTREO: 8846APR2202302152137615401 RFC: GAS070423BB2 IVA: 000000000120.00 SCOTIABANK HORA LIQ: 10:23:50",ARMANDO MORALES,GAS070423BB2,egreso,0,870.00,34007.39,0,spei_enviado
txn_2026070200,company_001,acc_eje_001,2026-07-15T12:00:00-06:00,"COMISION ORDEN DE PAGO SPEI REFERENCIA: 0150223 5.00 34,002.39",BANORTE,BNO930209CC1,egreso,0,5.00,34002.39,0,comision
txn_2026070201,company_001,acc_eje_001,2026-07-15T12:00:00-06:00,"I.V.A. ORDEN DE PAGO SPEI REFERENCIA: 0150223 0.80 34,001.59",BANORTE,BNO930209CC1,egreso,0,0.80,34001.59,0,iva_comision
txn_2026070202,company_001,acc_eje_001,2026-07-15T12:00:00-06:00,"COMPRA ORDEN DE PAGO SPEI 0150223 =REFERENCIA CTA/CLABE: 012311656670106513, BEM 2,269.99 31,731.60 SPEI BCO:012 BENEF:MARIA F. SOTO (DATO NO VERIF POR ESTA INST), Pago PO 2276 CVE RASTREO: 8846APR1202302152137615405 RFC: SEG971124JJ1 IVA: 000000000313.10 BBVA BANCOMER HORA LIQ: 10:23:50",MARIA F. SOTO,SEG971124JJ1,egreso,0,2269.99,31731.60,0,spei_enviado
txn_2026070203,company_001,acc_eje_001,2026-07-15T12:00:00-06:00,"COMISION ORDEN DE PAGO SPEI REFERENCIA: 0150223 5.00 31,726.60",BANORTE,BNO930209CC1,egreso,0,5.00,31726.60,0,comision
txn_2026070204,company_001,acc_eje_001,2026-07-15T12:00:00-06:00,"I.V.A. ORDEN DE PAGO SPEI REFERENCIA: 0150223 0.80 31,725.80",BANORTE,BNO930209CC1,egreso,0,0.80,31725.80,0,iva_comision
txn_2026070205,company_001,acc_eje_001,2026-07-15T12:00:00-06:00,"COMPRA ORDEN DE PAGO SPEI 0150223 =REFERENCIA CTA/CLABE: 044531003309232719, BEM 1,740.00 29,985.80 SPEI BCO:044 BENEF:DIEGO TORRES (DATO NO VERIF POR ESTA INST), Pago PO 2306 CVE RASTREO: 8846APR1202302152137841520 RFC: DHL880115II9 IVA: 000000000240.00 SCOTIABANK HORA LIQ: 11:40:50",DIEGO TORRES,DHL880115II9,egreso,0,1740.00,29985.80,0,spei_enviado
txn_2026070206,company_001,acc_eje_001,2026-07-15T12:00:00-06:00,"COMISION ORDEN DE PAGO SPEI REFERENCIA: 0150223 5.00 29,980.80",BANORTE,BNO930209CC1,egreso,0,5.00,29980.80,0,comision
txn_2026070207,company_001,acc_eje_001,2026-07-15T12:00:00-06:00,"I.V.A. ORDEN DE PAGO SPEI REFERENCIA: 0150223 0.80 29,980.00",BANORTE,BNO930209CC1,egreso,0,0.80,29980.00,0,iva_comision
txn_2026070208,company_001,acc_eje_001,2026-07-15T12:00:00-06:00,"COMPRA ORDEN DE PAGO SPEI 0150223 =REFERENCIA CTA/CLABE: 014374529912419049, BEM 286.75 29,693.25 SPEI BCO:014 BENEF:ANA L. MENDOZA (DATO NO VERIF POR ESTA INST), Pago PO 2308 CVE RASTREO: 8846APR2202302152137938531 RFC: SEG971124JJ1 IVA: 000000000039.55 SANTANDER HORA LIQ: 12:13:12",ANA L. MENDOZA,SEG971124JJ1,egreso,0,286.75,29693.25,0,spei_enviado
txn_2026070209,company_001,acc_eje_001,2026-07-15T12:00:00-06:00,"COMISION ORDEN DE PAGO SPEI REFERENCIA: 0150223 5.00 29,688.25",BANORTE,BNO930209CC1,egreso,0,5.00,29688.25,0,comision
txn_2026070210,company_001,acc_eje_001,2026-07-15T12:00:00-06:00,"I.V.A. ORDEN DE PAGO SPEI REFERENCIA: 0150223 0.80 29,687.45",BANORTE,BNO930209CC1,egreso,0,0.80,29687.45,0,iva_comision
txn_2026070211,company_001,acc_eje_001,2026-07-16T12:00:00-06:00,"BNET01002302160039662213 SPEI RECIBIDO, BCO:0012 BBVA BANCOMER HR LIQ: 13:41:10 DEL 60,000.00 89,687.45 CLIENTE CAFE NORTENO SA DE CV DE LA CLABE 012316475255341928 CON RFC CNM160812AB1 CONCEPTO: Traspaso interno REFERENCIA: 1602230 CVE RAST: BNET01002302160039662213",CAFE NORTENO SA DE CV,CNM160812AB1,ingreso,60000.00,0,89687.45,1,traspaso_interno
txn_2026070212,company_001,acc_eje_001,2026-07-16T12:00:00-06:00,"TRASPASO A CUENTA DE TERCEROS 0000160223 IVA:00008297.90 , A LA CUENTA: 6679058651 60,159.80 29,527.65 Pago PO 2317 AL R.F.C. MEDA950619KL6",TERCERO MEDA95,MEDA950619KL6,egreso,0,60159.80,29527.65,0,traspaso_terceros
txn_2026070213,company_001,acc_eje_001,2026-07-17T12:00:00-06:00,"2402573CARGO DOMICILIACION CGO DOMICILIACION:VW Leasing LEYENDA: VOLKSWAGEN 6,873.66 22,653.99 LEASING REF SERV EMISOR:0052402573 CVE DE RASTREO:02107200021000820230216041919 REF:2402573 RFC GAS061031CC3 IVA: 0.00","VOLKSWAGEN 6,873.66 22,653.99 LEASING",GAS061031CC3,egreso,0,6873.66,22653.99,0,domiciliacion
txn_2026070214,company_001,acc_eje_001,2026-07-17T12:00:00-06:00,"DHL EXPRESS CIB RFC:COS910715KK2 793.83 21,860.16",DHL EXPRESS CIB,COS910715KK2,egreso,0,793.83,21860.16,0,servicios
txn_2026070215,company_001,acc_eje_001,2026-07-17T12:00:00-06:00,"TRASPASO A CUENTA DE TERCEROS 0000170223 IVA:00000388.83 , A LA CUENTA: 8480184514 2,819.00 19,041.16 Pago PO 2325 AL R.F.C. MERE850922GH4",TERCERO MERE85,MERE850922GH4,egreso,0,2819.00,19041.16,0,traspaso_terceros
txn_2026070216,company_001,acc_eje_001,2026-07-17T12:00:00-06:00,"TRASPASO A CUENTA DE TERCEROS 0000170223 IVA:00000148.00 , A LA CUENTA: 0564139537 1,073.00 17,968.16 Pago PO 2326 AL R.F.C. MOPA791027EF3",TERCERO MOPA79,MOPA791027EF3,egreso,0,1073.00,17968.16,0,traspaso_terceros
txn_2026070217,company_001,acc_eje_001,2026-07-17T12:00:00-06:00,"COMPRA ORDEN DE PAGO SPEI 0170223 =REFERENCIA CTA/CLABE: 030868501429401965, BEM 2,278.17 15,689.99 SPEI BCO:030 BENEF:ELISA MENDEZ (DATO NO VERIF POR ESTA INST), Pago PO 2172 CVE RASTREO: 8846APR2202302172142512971 RFC: COS910715KK2 IVA: 000000000314.23 BAJIO HORA LIQ: 14:14:23",ELISA MENDEZ,COS910715KK2,egreso,0,2278.17,15689.99,0,spei_enviado
txn_2026070218,company_001,acc_eje_001,2026-07-17T12:00:00-06:00,"COMISION ORDEN DE PAGO SPEI REFERENCIA: 0170223 5.00 15,684.99",BANORTE,BNO930209CC1,egreso,0,5.00,15684.99,0,comision
txn_2026070219,company_001,acc_eje_001,2026-07-17T12:00:00-06:00,"I.V.A. ORDEN DE PAGO SPEI REFERENCIA: 0170223 0.80 15,684.19",BANORTE,BNO930209CC1,egreso,0,0.80,15684.19,0,iva_comision
txn_2026070220,company_001,acc_eje_001,2026-07-17T12:00:00-06:00,"COMPRA ORDEN DE PAGO SPEI 0170223 =REFERENCIA CTA/CLABE: 012317278895798687, BEM 779.99 14,904.20 SPEI BCO:012 BENEF:MARIA F. SOTO (DATO NO VERIF POR ESTA INST), Pago PO 2158 2176 CVE RASTREO: 8846APR1202302172142512976 RFC: GAS061031CC3 IVA: 000000000107.59 BBVA BANCOMER HORA LIQ: 14:14:24",MARIA F. SOTO,GAS061031CC3,egreso,0,779.99,14904.20,0,spei_enviado
txn_2026070221,company_001,acc_eje_001,2026-07-17T12:00:00-06:00,"COMISION ORDEN DE PAGO SPEI REFERENCIA: 0170223 5.00 14,899.20",BANORTE,BNO930209CC1,egreso,0,5.00,14899.20,0,comision
txn_2026070222,company_001,acc_eje_001,2026-07-17T12:00:00-06:00,"I.V.A. ORDEN DE PAGO SPEI REFERENCIA: 0170223 0.80 14,898.40",BANORTE,BNO930209CC1,egreso,0,0.80,14898.40,0,iva_comision
txn_2026070223,company_001,acc_eje_001,2026-07-17T12:00:00-06:00,"COMPRA ORDEN DE PAGO SPEI 0170223 =REFERENCIA CTA/CLABE: 002889373467065627, BEM 1,042.55 13,855.85 SPEI BCO:002 BENEF:PEDRO A. RUIZ (DATO NO VERIF POR ESTA INST), Pago PO 2116 CVE RASTREO: 8846APR2202302172142512979 RFC: PAY150323GG7 IVA: 000000000143.80 BANAMEX HORA LIQ: 14:14:24",PEDRO A. RUIZ,PAY150323GG7,egreso,0,1042.55,13855.85,0,spei_enviado
txn_2026070224,company_001,acc_eje_001,2026-07-17T12:00:00-06:00,"COMISION ORDEN DE PAGO SPEI REFERENCIA: 0170223 5.00 13,850.85",BANORTE,BNO930209CC1,egreso,0,5.00,13850.85,0,comision
txn_2026070225,company_001,acc_eje_001,2026-07-17T12:00:00-06:00,"I.V.A. ORDEN DE PAGO SPEI REFERENCIA: 0170223 0.80 13,850.05",BANORTE,BNO930209CC1,egreso,0,0.80,13850.05,0,iva_comision
txn_2026070226,company_001,acc_eje_001,2026-07-20T12:00:00-06:00,"COMPRA ORDEN DE PAGO SPEI 0200223 =REFERENCIA CTA/CLABE: 012603669096705466, BEM 668.93 13,181.12 SPEI BCO:012 BENEF:LUCIA FERNANDEZ (DATO NO VERIF POR ESTA INST), Pago PO 2329 CVE RASTREO: 8846APR1202302202146020012 RFC: MER991006FF6 IVA: 000000000092.27 BBVA BANCOMER HORA LIQ: 10:11:51",LUCIA FERNANDEZ,MER991006FF6,egreso,0,668.93,13181.12,0,spei_enviado
txn_2026070227,company_001,acc_eje_001,2026-07-20T12:00:00-06:00,"COMISION ORDEN DE PAGO SPEI REFERENCIA: 0200223 5.00 13,176.12",BANORTE,BNO930209CC1,egreso,0,5.00,13176.12,0,comision
txn_2026070228,company_001,acc_eje_001,2026-07-20T12:00:00-06:00,"I.V.A. ORDEN DE PAGO SPEI REFERENCIA: 0200223 0.80 13,175.32",BANORTE,BNO930209CC1,egreso,0,0.80,13175.32,0,iva_comision
txn_2026070229,company_001,acc_eje_001,2026-07-20T12:00:00-06:00,"COMPRA ORDEN DE PAGO SPEI 0200223 =REFERENCIA CTA/CLABE: 012850671657262849, BEM 836.36 12,338.96 SPEI BCO:012 BENEF:FRANCISCO J. MORALES (DATO NO VERIF POR ESTA INST), Pago PO 2328 CVE RASTREO: 8846APR1202302202146037981 RFC: TEL670000LL3 IVA: 000000000115.36 BBVA BANCOMER HORA LIQ: 10:21:56",FRANCISCO J. MORALES,TEL670000LL3,egreso,0,836.36,12338.96,0,spei_enviado
txn_2026070230,company_001,acc_eje_001,2026-07-20T12:00:00-06:00,"COMISION ORDEN DE PAGO SPEI REFERENCIA: 0200223 5.00 12,333.96",BANORTE,BNO930209CC1,egreso,0,5.00,12333.96,0,comision
txn_2026070231,company_001,acc_eje_001,2026-07-20T12:00:00-06:00,"I.V.A. ORDEN DE PAGO SPEI REFERENCIA: 0200223 0.80 12,333.16",BANORTE,BNO930209CC1,egreso,0,0.80,12333.16,0,iva_comision
txn_2026070232,company_001,acc_eje_001,2026-07-20T12:00:00-06:00,"TRASPASO A CUENTA DE TERCEROS 0000200223 IVA:00000160.00 , A LA CUENTA: 6679058651 1,160.00 11,173.16 Pago PO 2335 AL R.F.C. MEDA950619KL6",TERCERO MEDA95,MEDA950619KL6,egreso,0,1160.00,11173.16,0,traspaso_terceros
txn_2026070233,company_001,acc_eje_001,2026-07-21T12:00:00-06:00,"BNET01002302210040479186 SPEI RECIBIDO, BCO:0012 BBVA BANCOMER HR LIQ: 11:24:45 DEL 20,000.00 31,173.16 CLIENTE CAFE NORTENO SA DE CV DE LA CLABE 012316475255341928 CON RFC CNM160812AB1 CONCEPTO: Traspaso interno REFERENCIA: 2102230 CVE RAST: BNET01002302210040479186",CAFE NORTENO SA DE CV,CNM160812AB1,ingreso,20000.00,0,31173.16,1,traspaso_interno
txn_2026070234,company_001,acc_eje_001,2026-07-21T12:00:00-06:00,"COMPRA ORDEN DE PAGO SPEI 0210223 =REFERENCIA CTA/CLABE: 012877694531473799, BEM 17,831.88 13,341.28 SPEI BCO:012 BENEF:GUADALUPE PEREZ (DATO NO VERIF POR ESTA INST), Pago PO 2333 CVE RASTREO: 8846APR1202302212147642280 RFC: SUN850309AA1 IVA: 000000002459.57 BBVA BANCOMER HORA LIQ: 11:30:20",GUADALUPE PEREZ,SUN850309AA1,egreso,0,17831.88,13341.28,0,spei_enviado
txn_2026070235,company_001,acc_eje_001,2026-07-21T12:00:00-06:00,"COMISION ORDEN DE PAGO SPEI REFERENCIA: 0210223 5.00 13,336.28",BANORTE,BNO930209CC1,egreso,0,5.00,13336.28,0,comision
txn_2026070236,company_001,acc_eje_001,2026-07-21T12:00:00-06:00,"I.V.A. ORDEN DE PAGO SPEI REFERENCIA: 0210223 0.80 13,335.48",BANORTE,BNO930209CC1,egreso,0,0.80,13335.48,0,iva_comision
txn_2026070237,company_001,acc_eje_001,2026-07-21T12:00:00-06:00,"COMPRA ORDEN DE PAGO SPEI 0210223 =REFERENCIA CTA/CLABE: 058489638346578713, BEM 4,290.00 9,045.48 SPEI BCO:058 BENEF:MARTIN MEDINA (DATO NO VERIF POR ESTA INST), Pago PO 2341 CVE RASTREO: 8846APR1202302212147642284 RFC: PAY150323GG7 IVA: 000000000000.00 BANREGIO HORA LIQ: 11:30:20",MARTIN MEDINA,PAY150323GG7,egreso,0,4290.00,9045.48,0,spei_enviado
txn_2026070238,company_001,acc_eje_001,2026-07-21T12:00:00-06:00,"COMISION ORDEN DE PAGO SPEI REFERENCIA: 0210223 5.00 9,040.48",BANORTE,BNO930209CC1,egreso,0,5.00,9040.48,0,comision
txn_2026070239,company_001,acc_eje_001,2026-07-21T12:00:00-06:00,"I.V.A. ORDEN DE PAGO SPEI REFERENCIA: 0210223 0.80 9,039.68",BANORTE,BNO930209CC1,egreso,0,0.80,9039.68,0,iva_comision
txn_2026070240,company_001,acc_eje_001,2026-07-21T12:00:00-06:00,"TRASPASO A CUENTA DE TERCEROS 0000210223 IVA:00000220.21 , A LA CUENTA: 6507527354 1,596.50 7,443.18 Pago PO 2342 AL R.F.C. CENP050211MN7",TERCERO CENP05,CENP050211MN7,egreso,0,1596.50,7443.18,0,traspaso_terceros
txn_2026070241,company_001,acc_eje_001,2026-07-21T12:00:00-06:00,"BNET01002302210040496059 SPEI RECIBIDO, BCO:0012 BBVA BANCOMER HR LIQ: 12:12:32 DEL 10,000.00 17,443.18 CLIENTE CAFE NORTENO SA DE CV DE LA CLABE 012316475255341928 CON RFC CNM160812AB1 CONCEPTO: Traspaso interno REFERENCIA: 2102230 CVE RAST: BNET01002302210040496059",CAFE NORTENO SA DE CV,CNM160812AB1,ingreso,10000.00,0,17443.18,1,traspaso_interno
txn_2026070242,company_001,acc_eje_001,2026-07-21T12:00:00-06:00,"COMPRA ORDEN DE PAGO SPEI 0210223 =REFERENCIA CTA/CLABE: 012311656670106513, BEM 7,859.48 9,583.70 SPEI BCO:012 BENEF:MARIA F. SOTO (DATO NO VERIF POR ESTA INST), Pago PO 2334 CVE RASTREO: 8846APR2202302212147716456 RFC: SEG971124JJ1 IVA: 000000001084.07 BBVA BANCOMER HORA LIQ: 12:13:55",MARIA F. SOTO,SEG971124JJ1,egreso,0,7859.48,9583.70,0,spei_enviado
txn_2026070243,company_001,acc_eje_001,2026-07-21T12:00:00-06:00,"COMISION ORDEN DE PAGO SPEI REFERENCIA: 0210223 5.00 9,578.70",BANORTE,BNO930209CC1,egreso,0,5.00,9578.70,0,comision
txn_2026070244,company_001,acc_eje_001,2026-07-21T12:00:00-06:00,"I.V.A. ORDEN DE PAGO SPEI REFERENCIA: 0210223 0.80 9,577.90",BANORTE,BNO930209CC1,egreso,0,0.80,9577.90,0,iva_comision
txn_2026070245,company_001,acc_eje_001,2026-07-21T12:00:00-06:00,"COMPRA ORDEN DE PAGO SPEI 0210223 =REFERENCIA CTA/CLABE: 002193990916998543, BEM 4,089.00 5,488.90 SPEI BCO:002 BENEF:SOFIA HERNANDEZ (DATO NO VERIF POR ESTA INST), Pago PO 2344 CVE RASTREO: 8846APR2202302212148253284 RFC: GAS061031CC3 IVA: 000000000564.00 BANAMEX HORA LIQ: 17:19:01",SOFIA HERNANDEZ,GAS061031CC3,egreso,0,4089.00,5488.90,0,spei_enviado
txn_2026070246,company_001,acc_eje_001,2026-07-21T12:00:00-06:00,"COMISION ORDEN DE PAGO SPEI REFERENCIA: 0210223 5.00 5,483.90",BANORTE,BNO930209CC1,egreso,0,5.00,5483.90,0,comision
txn_2026070247,company_001,acc_eje_001,2026-07-21T12:00:00-06:00,"I.V.A. ORDEN DE PAGO SPEI REFERENCIA: 0210223 0.80 5,483.10",BANORTE,BNO930209CC1,egreso,0,0.80,5483.10,0,iva_comision
txn_2026070248,company_001,acc_eje_001,2026-07-21T12:00:00-06:00,"COMPRA ORDEN DE PAGO SPEI 0210223 =REFERENCIA CTA/CLABE: 012367632016328708, BEM 1,914.00 3,569.10 SPEI BCO:012 BENEF:JORGE L. CAMPOS (DATO NO VERIF POR ESTA INST), Pago PO 2346 CVE RASTREO: 8846APR2202302212148282647 RFC: GAS070423BB2 IVA: 000000000264.00 BBVA BANCOMER HORA LIQ: 17:37:25",JORGE L. CAMPOS,GAS070423BB2,egreso,0,1914.00,3569.10,0,spei_enviado
txn_2026070249,company_001,acc_eje_001,2026-07-21T12:00:00-06:00,"COMISION ORDEN DE PAGO SPEI REFERENCIA: 0210223 5.00 3,564.10",BANORTE,BNO930209CC1,egreso,0,5.00,3564.10,0,comision
txn_2026070250,company_001,acc_eje_001,2026-07-21T12:00:00-06:00,"I.V.A. ORDEN DE PAGO SPEI REFERENCIA: 0210223 0.80 3,563.30",BANORTE,BNO930209CC1,egreso,0,0.80,3563.30,0,iva_comision
txn_2026070251,company_001,acc_eje_001,2026-07-22T12:00:00-06:00,"BNET01002302220040664537 SPEI RECIBIDO, BCO:0012 BBVA BANCOMER HR LIQ: 10:32:53 DEL 30,000.00 33,563.30 CLIENTE CAFE NORTENO SA DE CV DE LA CLABE 012316475255341928 CON RFC CNM160812AB1 CONCEPTO: TRASPASO INTERNO REFERENCIA: 0220223 CVE RAST: BNET01002302220040664537",CAFE NORTENO SA DE CV,CNM160812AB1,ingreso,30000.00,0,33563.30,1,traspaso_interno
txn_2026070252,company_001,acc_eje_001,2026-07-22T12:00:00-06:00,"TRASPASO A CUENTA DE TERCEROS 0000220223 IVA:00000196.55 , A LA CUENTA: 6270482814 1,425.00 32,138.30 Pago PO 2349 AL R.F.C. LUCI920425IJ5",TERCERO LUCI92,LUCI920425IJ5,egreso,0,1425.00,32138.30,0,traspaso_terceros
txn_2026070253,company_001,acc_eje_001,2026-07-22T12:00:00-06:00,"PAGO REFERENCIADO 509258105323 Impuesto Deposito Referenciado 960.00 31,178.30",PAGO DE IMPUESTOS,,egreso,0,960.00,31178.30,0,impuestos
txn_2026070254,company_001,acc_eje_001,2026-07-22T12:00:00-06:00,"PAGO REFERENCIADO 509258205323 Impuesto Deposito Referenciado 1,677.00 29,501.30",PAGO DE IMPUESTOS,,egreso,0,1677.00,29501.30,0,impuestos
txn_2026070255,company_001,acc_eje_001,2026-07-22T12:00:00-06:00,"PAGO REFERENCIADO 509258305323 Impuesto Deposito Referenciado 5,236.00 24,265.30",PAGO DE IMPUESTOS,,egreso,0,5236.00,24265.30,0,impuestos
txn_2026070256,company_001,acc_eje_001,2026-07-22T12:00:00-06:00,"COMPRA ORDEN DE PAGO SPEI 0220223 =REFERENCIA CTA/CLABE: 021549480831367837, BEM 278.40 23,986.90 SPEI BCO:021 BENEF:ARMANDO MORALES (DATO NO VERIF POR ESTA INST), Pago PO 2355 CVE RASTREO: 8846APR2202302222149008549 RFC: GAS070423BB2 IVA: 000000000038.40 HSBC HORA LIQ: 11:48:26",ARMANDO MORALES,GAS070423BB2,egreso,0,278.40,23986.90,0,spei_enviado
txn_2026070257,company_001,acc_eje_001,2026-07-22T12:00:00-06:00,"COMISION ORDEN DE PAGO SPEI REFERENCIA: 0220223 5.00 23,981.90",BANORTE,BNO930209CC1,egreso,0,5.00,23981.90,0,comision
txn_2026070258,company_001,acc_eje_001,2026-07-22T12:00:00-06:00,"I.V.A. ORDEN DE PAGO SPEI REFERENCIA: 0220223 0.80 23,981.10",BANORTE,BNO930209CC1,egreso,0,0.80,23981.10,0,iva_comision
txn_2026070259,company_001,acc_eje_001,2026-07-22T12:00:00-06:00,"TRASPASO A CUENTA DE TERCEROS 0000220223 IVA:00001638.60 , A LA CUENTA: 7701436349 11,879.80 12,101.30 Pago PO 2352 AL R.F.C. BALR810513OP8",TERCERO BALR81,BALR810513OP8,egreso,0,11879.80,12101.30,0,traspaso_terceros
txn_2026070260,company_001,acc_eje_001,2026-07-23T12:00:00-06:00,"2482678CARGO DOMICILIACION CGO DOMICILIACION:VW Leasing LEYENDA: VOLKSWAGEN 11,838.91 262.39 LEASING REF SERV EMISOR:0052482678 CVE DE RASTREO:02107200021000820230222038275 REF:2482678 RFC GAS061031CC3 IVA: 0.00","VOLKSWAGEN 11,838.91 262.39 LEASING",GAS061031CC3,egreso,0,11838.91,262.39,0,domiciliacion
txn_2026070261,company_001,acc_eje_001,2026-07-23T12:00:00-06:00,"BNET01002302230040864145 SPEI RECIBIDO, BCO:0012 BBVA BANCOMER HR LIQ: 10:46:25 DEL 30,000.00 30,262.39 CLIENTE CAFE NORTENO SA DE CV DE LA CLABE 012316475255341928 CON RFC CNM160812AB1 CONCEPTO: Traspaso interno REFERENCIA: 2302230 CVE RAST: BNET01002302230040864145",CAFE NORTENO SA DE CV,CNM160812AB1,ingreso,30000.00,0,30262.39,1,traspaso_interno
txn_2026070262,company_001,acc_eje_001,2026-07-23T12:00:00-06:00,"TRASPASO A CUENTA DE TERCEROS 0000230223 IVA:00000483.84 , A LA CUENTA: 6679058651 3,507.84 26,754.55 Pago PO 2361 AL R.F.C. MEDA950619KL6",TERCERO MEDA95,MEDA950619KL6,egreso,0,3507.84,26754.55,0,traspaso_terceros
txn_2026070263,company_001,acc_eje_001,2026-07-23T12:00:00-06:00,"COMPRA ORDEN DE PAGO SPEI 0230223 =REFERENCIA CTA/CLABE: 002578856855744431, BEM 1,575.42 25,179.13 SPEI BCO:002 BENEF:ISAAC R. LUNA (DATO NO VERIF POR ESTA INST), Pago PO 2368 CVE RASTREO: 8846APR2202302232150286342 RFC: GAS061031CC3 IVA: 000000000217.30 BANAMEX HORA LIQ: 11:05:26",ISAAC R. LUNA,GAS061031CC3,egreso,0,1575.42,25179.13,0,spei_enviado
txn_2026070264,company_001,acc_eje_001,2026-07-23T12:00:00-06:00,"COMISION ORDEN DE PAGO SPEI REFERENCIA: 0230223 5.00 25,174.13",BANORTE,BNO930209CC1,egreso,0,5.00,25174.13,0,comision
txn_2026070265,company_001,acc_eje_001,2026-07-23T12:00:00-06:00,"I.V.A. ORDEN DE PAGO SPEI REFERENCIA: 0230223 0.80 25,173.33",BANORTE,BNO930209CC1,egreso,0,0.80,25173.33,0,iva_comision
txn_2026070266,company_001,acc_eje_001,2026-07-23T12:00:00-06:00,"TRASPASO A CUENTA DE TERCEROS 0000230223 IVA:00000052.73 , A LA CUENTA: 6507527354 382.32 24,791.01 Pago PO 2367 AL R.F.C. CENP050211MN7",TERCERO CENP05,CENP050211MN7,egreso,0,382.32,24791.01,0,traspaso_terceros
txn_2026070267,company_001,acc_eje_001,2026-07-23T12:00:00-06:00,"COMPRA ORDEN DE PAGO SPEI 0230223 =REFERENCIA CTA/CLABE: 012808412411824493, BEM 938.01 23,853.00 SPEI BCO:012 BENEF:FRANCISCO J. MORALES (DATO NO VERIF POR ESTA INST), Pago PO 2370 CVE RASTREO: 8846APR1202302232150501769 RFC: PAY150323GG7 IVA: 000000000129.38 BBVA BANCOMER HORA LIQ: 12:57:46",FRANCISCO J. MORALES,PAY150323GG7,egreso,0,938.01,23853.00,0,spei_enviado
txn_2026070268,company_001,acc_eje_001,2026-07-23T12:00:00-06:00,"COMISION ORDEN DE PAGO SPEI REFERENCIA: 0230223 5.00 23,848.00",BANORTE,BNO930209CC1,egreso,0,5.00,23848.00,0,comision
txn_2026070269,company_001,acc_eje_001,2026-07-23T12:00:00-06:00,"I.V.A. ORDEN DE PAGO SPEI REFERENCIA: 0230223 0.80 23,847.20",BANORTE,BNO930209CC1,egreso,0,0.80,23847.20,0,iva_comision
txn_2026070270,company_001,acc_eje_001,2026-07-23T12:00:00-06:00,"COMPRA ORDEN DE PAGO SPEI 0230223 =REFERENCIA CTA/CLABE: 012351823374989413, BEM 6,211.80 17,635.40 SPEI BCO:012 BENEF:ELISA MENDEZ (DATO NO VERIF POR ESTA INST), Pago PO 2371 CVE RASTREO: 8846APR1202302232150970448 RFC: LUCI920425IJ5 IVA: 000000000856.80 BBVA BANCOMER HORA LIQ: 16:46:20",ELISA MENDEZ,LUCI920425IJ5,egreso,0,6211.80,17635.40,0,spei_enviado
txn_2026070271,company_001,acc_eje_001,2026-07-23T12:00:00-06:00,"COMISION ORDEN DE PAGO SPEI REFERENCIA: 0230223 5.00 17,630.40",BANORTE,BNO930209CC1,egreso,0,5.00,17630.40,0,comision
txn_2026070272,company_001,acc_eje_001,2026-07-23T12:00:00-06:00,"I.V.A. ORDEN DE PAGO SPEI REFERENCIA: 0230223 0.80 17,629.60",BANORTE,BNO930209CC1,egreso,0,0.80,17629.60,0,iva_comision
txn_2026070273,company_001,acc_eje_001,2026-07-24T12:00:00-06:00,"TRASPASO A CUENTA DE TERCEROS 0000240223 IVA:00000200.00 , A LA CUENTA: 8480184514 1,450.00 16,179.60 PAgo PO 2375 AL R.F.C. MERE850922GH4",TERCERO MERE85,MERE850922GH4,egreso,0,1450.00,16179.60,0,traspaso_terceros
txn_2026070274,company_001,acc_eje_001,2026-07-24T12:00:00-06:00,"BNET01002302240041082977 SPEI RECIBIDO, BCO:0012 BBVA BANCOMER HR LIQ: 10:28:51 DEL 5,000.01 21,179.61 CLIENTE DISTRIBUIDORA DEL NORTE SA DE CV DE LA CLABE 012322602563421607 CON RFC DNO200415KX1 CONCEPTO: FACT B9600 REFERENCIA: 0240223 CVE RAST: BNET01002302240041082977",DISTRIBUIDORA DEL NORTE SA DE CV,DNO200415KX1,ingreso,5000.01,0,21179.61,0,spei_recibido
txn_2026070275,company_001,acc_eje_001,2026-07-24T12:00:00-06:00,"COMPRA ORDEN DE PAGO SPEI 0240223 =REFERENCIA CTA/CLABE: 002435240824008427, BEM 3,657.65 17,521.96 SPEI BCO:002 BENEF:MARTIN MEDINA (DATO NO VERIF POR ESTA INST), Pago PO 2360 CVE RASTREO: 8846APR2202302242152175325 RFC: SUP810525DD4 IVA: 000000000504.50 BANAMEX HORA LIQ: 11:25:05",MARTIN MEDINA,SUP810525DD4,egreso,0,3657.65,17521.96,0,spei_enviado
txn_2026070276,company_001,acc_eje_001,2026-07-24T12:00:00-06:00,"COMISION ORDEN DE PAGO SPEI REFERENCIA: 0240223 5.00 17,516.96",BANORTE,BNO930209CC1,egreso,0,5.00,17516.96,0,comision
txn_2026070277,company_001,acc_eje_001,2026-07-24T12:00:00-06:00,"I.V.A. ORDEN DE PAGO SPEI REFERENCIA: 0240223 0.80 17,516.16",BANORTE,BNO930209CC1,egreso,0,0.80,17516.16,0,iva_comision
txn_2026070278,company_001,acc_eje_001,2026-07-24T12:00:00-06:00,"COMPRA ORDEN DE PAGO SPEI 0240223 =REFERENCIA CTA/CLABE: 012337543303654145, BEM 3,024.33 14,491.83 SPEI BCO:012 BENEF:ISAAC R. LUNA (DATO NO VERIF POR ESTA INST), Pago PO 2207 CVE RASTREO: 8846APR1202302242152190102 RFC: SEG971124JJ1 IVA: 000000000417.15 BBVA BANCOMER HORA LIQ: 11:30:16",ISAAC R. LUNA,SEG971124JJ1,egreso,0,3024.33,14491.83,0,spei_enviado
txn_2026070279,company_001,acc_eje_001,2026-07-24T12:00:00-06:00,"COMISION ORDEN DE PAGO SPEI REFERENCIA: 0240223 5.00 14,486.83",BANORTE,BNO930209CC1,egreso,0,5.00,14486.83,0,comision
txn_2026070280,company_001,acc_eje_001,2026-07-24T12:00:00-06:00,"I.V.A. ORDEN DE PAGO SPEI REFERENCIA: 0240223 0.80 14,486.03",BANORTE,BNO930209CC1,egreso,0,0.80,14486.03,0,iva_comision
txn_2026070281,company_001,acc_eje_001,2026-07-24T12:00:00-06:00,"COMPRA ORDEN DE PAGO SPEI 0240223 =REFERENCIA CTA/CLABE: 012317278895798687, BEM 1,244.06 13,241.97 SPEI BCO:012 BENEF:MARIA F. SOTO (DATO NO VERIF POR ESTA INST), Pago PO 2190 2204 CVE RASTREO: 8846APR1202302242152190106 RFC: GAS061031CC3 IVA: 000000000171.60 BBVA BANCOMER HORA LIQ: 11:30:16",MARIA F. SOTO,GAS061031CC3,egreso,0,1244.06,13241.97,0,spei_enviado
txn_2026070282,company_001,acc_eje_001,2026-07-24T12:00:00-06:00,"COMISION ORDEN DE PAGO SPEI REFERENCIA: 0240223 5.00 13,236.97",BANORTE,BNO930209CC1,egreso,0,5.00,13236.97,0,comision
txn_2026070283,company_001,acc_eje_001,2026-07-24T12:00:00-06:00,"I.V.A. ORDEN DE PAGO SPEI REFERENCIA: 0240223 0.80 13,236.17",BANORTE,BNO930209CC1,egreso,0,0.80,13236.17,0,iva_comision
txn_2026070284,company_001,acc_eje_001,2026-07-24T12:00:00-06:00,"COMPRA ORDEN DE PAGO SPEI 0240223 =REFERENCIA CTA/CLABE: 012277434873471434, BEM 533.13 12,703.04 SPEI BCO:012 BENEF:CARLOS R. VEGA (DATO NO VERIF POR ESTA INST), Pago PO 2142 2171 CVE RASTREO: 8846APR2202302242152190109 RFC: SUP810525DD4 IVA: 000000000073.54 BBVA BANCOMER HORA LIQ: 11:30:16",CARLOS R. VEGA,SUP810525DD4,egreso,0,533.13,12703.04,0,spei_enviado
txn_2026070285,company_001,acc_eje_001,2026-07-24T12:00:00-06:00,"COMISION ORDEN DE PAGO SPEI REFERENCIA: 0240223 5.00 12,698.04",BANORTE,BNO930209CC1,egreso,0,5.00,12698.04,0,comision
txn_2026070286,company_001,acc_eje_001,2026-07-24T12:00:00-06:00,"I.V.A. ORDEN DE PAGO SPEI REFERENCIA: 0240223 0.80 12,697.24",BANORTE,BNO930209CC1,egreso,0,0.80,12697.24,0,iva_comision
txn_2026070287,company_001,acc_eje_001,2026-07-27T12:00:00-06:00,"MERCADO PAGO RFC:TEL670000LL3 500.00 12,197.24",MERCADO PAGO,TEL670000LL3,egreso,0,500.00,12197.24,0,tarjeta
txn_2026070288,company_001,acc_eje_001,2026-07-27T12:00:00-06:00,"085109477752047116 SPEI RECIBIDO, BCO:0002 BANAMEX HR LIQ: 13:44:30 DEL CLIENTE COMERCIALIZADORA DEL BAJIO SA DE CV DE LA CLABE 002995777387214895 CON RFC CBA170221B46 CONCEPTO: PAGO A SERV IND HMM DE IMDR REFERENCIA: 0270223 CVE RAST: 085109477752047116",COMERCIALIZADORA DEL BAJIO SA DE CV,CBA170221B46,ingreso,1187.20,0,13384.44,0,spei_recibido
txn_2026070289,company_001,acc_eje_001,2026-07-28T12:00:00-06:00,"COMPRA ORDEN DE PAGO SPEI 0280223 =REFERENCIA CTA/CLABE: 042719022941318699, BEM 812.00 12,572.44 SPEI BCO:042 BENEF:ANDRES M. DIEZ (DATO NO VERIF POR ESTA INST), Pago PO 2382 CVE RASTREO: 8846APR2202302282158961963 RFC: MER210503EE5 IVA: 000000000112.00 MIFEL HORA LIQ: 10:33:19",ANDRES M. DIEZ,MER210503EE5,egreso,0,812.00,12572.44,0,spei_enviado
txn_2026070290,company_001,acc_eje_001,2026-07-28T12:00:00-06:00,"COMISION ORDEN DE PAGO SPEI REFERENCIA: 0280223 5.00 12,567.44",BANORTE,BNO930209CC1,egreso,0,5.00,12567.44,0,comision
txn_2026070291,company_001,acc_eje_001,2026-07-28T12:00:00-06:00,"I.V.A. ORDEN DE PAGO SPEI REFERENCIA: 0280223 0.80 12,566.64",BANORTE,BNO930209CC1,egreso,0,0.80,12566.64,0,iva_comision
txn_2026070292,company_001,acc_eje_001,2026-07-28T12:00:00-06:00,"COMPRA ORDEN DE PAGO SPEI 0280223 =REFERENCIA CTA/CLABE: 002938677496499091, BEM 2,364.88 10,201.76 SPEI BCO:002 BENEF:JORGE L. CAMPOS (DATO NO VERIF POR ESTA INST), Pago PO 2392 CVE RASTREO: 8846APR1202302282159152017 RFC: MER991006FF6 IVA: 000000000326.19 BANAMEX HORA LIQ: 11:28:33",JORGE L. CAMPOS,MER991006FF6,egreso,0,2364.88,10201.76,0,spei_enviado
txn_2026070293,company_001,acc_eje_001,2026-07-28T12:00:00-06:00,"COMISION ORDEN DE PAGO SPEI REFERENCIA: 0280223 5.00 10,196.76",BANORTE,BNO930209CC1,egreso,0,5.00,10196.76,0,comision
txn_2026070294,company_001,acc_eje_001,2026-07-28T12:00:00-06:00,"I.V.A. ORDEN DE PAGO SPEI REFERENCIA: 0280223 0.80 10,195.96",BANORTE,BNO930209CC1,egreso,0,0.80,10195.96,0,iva_comision
txn_2026070295,company_001,acc_eje_001,2026-07-28T12:00:00-06:00,"COM MEMB P.M. COMISION MEMBRESIA P. MORAL 0223 400.00 9,795.96",BANORTE,BNO930209CC1,egreso,0,400.00,9795.96,0,comision
txn_2026070296,company_001,acc_eje_001,2026-07-28T12:00:00-06:00,"IVA COM MEMB P.M. COMISION MEMBRESIA P. MORAL 0223 64.00 9,731.96",BANORTE,BNO930209CC1,egreso,0,64.00,9731.96,0,comision
txn_2026080297,company_001,acc_eje_001,2026-08-01T12:00:00-06:00,"COMPRA ORDEN DE PAGO SPEI 2,784.00 6,947.96","COMPRA ORDEN DE PAGO SPEI 2,784.00 6,947",,egreso,0,2784.00,6947.96,0,spei_enviado
txn_2026080298,company_001,acc_eje_001,2026-08-01T12:00:00-06:00,"COMISION ORDEN DE PAGO SPEI REFERENCIA: 0010323 5.00 6,942.96",BANORTE,BNO930209CC1,egreso,0,5.00,6942.96,0,comision
txn_2026080299,company_001,acc_eje_001,2026-08-01T12:00:00-06:00,"I.V.A. ORDEN DE PAGO SPEI REFERENCIA: 0010323 0.80 6,942.16",BANORTE,BNO930209CC1,egreso,0,0.80,6942.16,0,iva_comision
txn_2026080300,company_001,acc_eje_001,2026-08-02T12:00:00-06:00,"9156738CARGO DOMICILIACION 348.99 6,593.17","9156738CARGO DOMICILIACION 348.99 6,593.",,egreso,0,348.99,6593.17,0,domiciliacion
txn_2026080301,company_001,acc_eje_001,2026-08-02T12:00:00-06:00,"2575308CARGO DOMICILIACION 4,852.50 1,740.67","2575308CARGO DOMICILIACION 4,852.50 1,74",,egreso,0,4852.50,1740.67,0,domiciliacion
txn_2026080302,company_001,acc_eje_001,2026-08-02T12:00:00-06:00,"BB1214870018384 SPEI RECIBIDO, BCO:0030 BAJIO HR LIQ: 15:31:23 DEL CLIENTE TRANSPORTES DEL PACIFICO SA DE CV DE LA CLABE 030403447134936183 CON RFC TPA180317G71 CONCEPTO: FACTURA B9465 REFERENCIA: 1214870 CVE RAST: BB1214870018384",TRANSPORTES DEL PACIFICO SA DE CV,TPA180317G71,ingreso,3724.76,0,5465.43,0,spei_recibido
txn_2026080303,company_001,acc_eje_001,2026-08-03T12:00:00-06:00,"BNET01002303030042731662 SPEI RECIBIDO, BCO:0012 BBVA BANCOMER HR LIQ: 10:29:56 DEL 10,000.00 15,465.43 CLIENTE CAFE NORTENO SA DE CV DE LA CLABE 012316475255341928 CON RFC CNM160812AB1 CONCEPTO: Traspaso interno REFERENCIA: 0303230 CVE RAST: BNET01002303030042731662",CAFE NORTENO SA DE CV,CNM160812AB1,ingreso,10000.00,0,15465.43,1,traspaso_interno
txn_2026080304,company_001,acc_eje_001,2026-08-03T12:00:00-06:00,"COMPRA ORDEN DE PAGO SPEI 0030323 =REFERENCIA CTA/CLABE: 646242102499471746, BEM 3,150.00 12,315.43 SPEI BCO:646 BENEF:MARIA F. SOTO (DATO NO VERIF POR ESTA INST), Nomina 030323 CVE RASTREO: 8846APR1202303032166965315 RFC: PAY150323GG7 IVA: 000000000000.00 STP HORA LIQ: 13:21:58",MARIA F. SOTO,PAY150323GG7,egreso,0,3150.00,12315.43,0,spei_enviado
txn_2026080305,company_001,acc_eje_001,2026-08-03T12:00:00-06:00,"COMISION ORDEN DE PAGO SPEI REFERENCIA: 0030323 5.00 12,310.43",BANORTE,BNO930209CC1,egreso,0,5.00,12310.43,0,comision
txn_2026080306,company_001,acc_eje_001,2026-08-03T12:00:00-06:00,"I.V.A. ORDEN DE PAGO SPEI REFERENCIA: 0030323 0.80 12,309.63",BANORTE,BNO930209CC1,egreso,0,0.80,12309.63,0,iva_comision
txn_2026080307,company_001,acc_eje_001,2026-08-03T12:00:00-06:00,"COMPRA ORDEN DE PAGO SPEI 0030323 =REFERENCIA CTA/CLABE: 012488771906594013, BEM 3,272.00 9,037.63 SPEI BCO:012 BENEF:CARLOS R. VEGA (DATO NO VERIF POR ESTA INST), Nomina 030323 CVE RASTREO: 8846APR1202303032166965323 RFC: APP920820HH8 IVA: 000000000000.00 BBVA BANCOMER HORA LIQ: 13:21:58",CARLOS R. VEGA,APP920820HH8,egreso,0,3272.00,9037.63,0,spei_enviado
txn_2026080308,company_001,acc_eje_001,2026-08-03T12:00:00-06:00,"COMISION ORDEN DE PAGO SPEI REFERENCIA: 0030323 5.00 9,032.63",BANORTE,BNO930209CC1,egreso,0,5.00,9032.63,0,comision
txn_2026080309,company_001,acc_eje_001,2026-08-03T12:00:00-06:00,"I.V.A. ORDEN DE PAGO SPEI REFERENCIA: 0030323 0.80 9,031.83",BANORTE,BNO930209CC1,egreso,0,0.80,9031.83,0,iva_comision
txn_2026080310,company_001,acc_eje_001,2026-08-03T12:00:00-06:00,"COMPRA ORDEN DE PAGO SPEI 0030323 =REFERENCIA CTA/CLABE: 002990490278742967, BEM 1,520.50 7,511.33 SPEI BCO:002 BENEF:LUCIA FERNANDEZ (DATO NO VERIF POR ESTA INST), Nomina 030323 CVE RASTREO: 8846APR1202303032166974595 RFC: DHL880115II9 IVA: 000000000000.00 BANAMEX HORA LIQ: 13:24:56",LUCIA FERNANDEZ,DHL880115II9,egreso,0,1520.50,7511.33,0,spei_enviado
txn_2026080311,company_001,acc_eje_001,2026-08-03T12:00:00-06:00,"COMISION ORDEN DE PAGO SPEI REFERENCIA: 0030323 5.00 7,506.33",BANORTE,BNO930209CC1,egreso,0,5.00,7506.33,0,comision
txn_2026080312,company_001,acc_eje_001,2026-08-03T12:00:00-06:00,"I.V.A. ORDEN DE PAGO SPEI REFERENCIA: 0030323 0.80 7,505.53",BANORTE,BNO930209CC1,egreso,0,0.80,7505.53,0,iva_comision
txn_2026080313,company_001,acc_eje_001,2026-08-03T12:00:00-06:00,"COMPRA ORDEN DE PAGO SPEI 0030323 =REFERENCIA CTA/CLABE: 012175655125674680, BEM 2,600.00 4,905.53 SPEI BCO:012 BENEF:PEDRO A. RUIZ (DATO NO VERIF POR ESTA INST), Nomina 030323 CVE RASTREO: 8846APR1202303032166974599 RFC: SEG971124JJ1 IVA: 000000000000.00 BBVA BANCOMER HORA LIQ: 13:24:56",PEDRO A. RUIZ,SEG971124JJ1,egreso,0,2600.00,4905.53,0,spei_enviado
txn_2026080314,company_001,acc_eje_001,2026-08-03T12:00:00-06:00,"COMISION ORDEN DE PAGO SPEI REFERENCIA: 0030323 5.00 4,900.53",BANORTE,BNO930209CC1,egreso,0,5.00,4900.53,0,comision
txn_2026080315,company_001,acc_eje_001,2026-08-03T12:00:00-06:00,"I.V.A. ORDEN DE PAGO SPEI REFERENCIA: 0030323 0.80 4,899.73",BANORTE,BNO930209CC1,egreso,0,0.80,4899.73,0,iva_comision
txn_2026080316,company_001,acc_eje_001,2026-08-03T12:00:00-06:00,"COMPRA ORDEN DE PAGO SPEI 0030323 =REFERENCIA CTA/CLABE: 012715451680876038, BEM 699.88 4,199.85 SPEI BCO:012 BENEF:SOFIA HERNANDEZ (DATO NO VERIF POR ESTA INST), Pago PO 2422 CVE RASTREO: 8846APR2202303032167020099 RFC: COS910715KK2 IVA: 000000000096.53 BBVA BANCOMER HORA LIQ: 13:39:52",SOFIA HERNANDEZ,COS910715KK2,egreso,0,699.88,4199.85,0,spei_enviado
txn_2026080317,company_001,acc_eje_001,2026-08-03T12:00:00-06:00,"COMISION ORDEN DE PAGO SPEI REFERENCIA: 0030323 5.00 4,194.85",BANORTE,BNO930209CC1,egreso,0,5.00,4194.85,0,comision
txn_2026080318,company_001,acc_eje_001,2026-08-03T12:00:00-06:00,"I.V.A. ORDEN DE PAGO SPEI REFERENCIA: 0030323 0.80 4,194.05",BANORTE,BNO930209CC1,egreso,0,0.80,4194.05,0,iva_comision
txn_2026080319,company_001,acc_eje_001,2026-08-03T12:00:00-06:00,"COMPRA ORDEN DE PAGO SPEI 0030323 =REFERENCIA CTA/CLABE: 012597703482477109, BEM 1,972.00 2,222.05 SPEI BCO:012 BENEF:DIEGO TORRES (DATO NO VERIF POR ESTA INST), Pago PO 2420 CVE RASTREO: 8846APR2202303032167020107 RFC: TEL670000LL3 IVA: 000000000272.00 BBVA BANCOMER HORA LIQ: 13:39:52",DIEGO TORRES,TEL670000LL3,egreso,0,1972.00,2222.05,0,spei_enviado
txn_2026080320,company_001,acc_eje_001,2026-08-03T12:00:00-06:00,"COMISION ORDEN DE PAGO SPEI REFERENCIA: 0030323 5.00 2,217.05",BANORTE,BNO930209CC1,egreso,0,5.00,2217.05,0,comision
txn_2026080321,company_001,acc_eje_001,2026-08-03T12:00:00-06:00,"I.V.A. ORDEN DE PAGO SPEI REFERENCIA: 0030323 0.80 2,216.25",BANORTE,BNO930209CC1,egreso,0,0.80,2216.25,0,iva_comision
txn_2026080322,company_001,acc_eje_001,2026-08-03T12:00:00-06:00,"DEV.SPEIESTRUCTURA INF ADIC IN REFERENCIA:0030323 MOT DEV:G ESTRUCTURA INF ADIC 699.88- 2,916.13 INCORRECTA BCO:40012 BENEFIC:El Crisol SA de CV ORDENANTE:CAFE NORTENO SA DE CV CVE.RASTR: 8846APR2202303032167020099 HORA LIQ: 13:40:02 hrs.",DEV.SPEIESTRUCTURA INF ADIC IN REFERENCI,,egreso,0,-699.88,2916.13,0,devolucion
txn_2026080323,company_001,acc_eje_001,2026-08-06T12:00:00-06:00,"BNET01002303060043180556 SPEI RECIBIDO, BCO:0012 BBVA BANCOMER HR LIQ: 11:19:04 DEL 20,000.00 22,916.13 CLIENTE CAFE NORTENO SA DE CV DE LA CLABE 012316475255341928 CON RFC CNM160812AB1 CONCEPTO: Traspaso interno REFERENCIA: 0603230 CVE RAST: BNET01002303060043180556",CAFE NORTENO SA DE CV,CNM160812AB1,ingreso,20000.00,0,22916.13,1,traspaso_interno
txn_2026080324,company_001,acc_eje_001,2026-08-06T12:00:00-06:00,"COMPRA ORDEN DE PAGO SPEI 0060323 =REFERENCIA CTA/CLABE: 012324808613171274, BEM 1,879.20 21,036.93 SPEI BCO:012 BENEF:ANA L. MENDOZA (DATO NO VERIF POR ESTA INST), Pago PO 2419 CVE RASTREO: 8846APR2202303062171265587 RFC: SUN850309AA1 IVA: 000000000259.20 BBVA BANCOMER HORA LIQ: 12:56:05",ANA L. MENDOZA,SUN850309AA1,egreso,0,1879.20,21036.93,0,spei_enviado
txn_2026080325,company_001,acc_eje_001,2026-08-06T12:00:00-06:00,"COMISION ORDEN DE PAGO SPEI REFERENCIA: 0060323 5.00 21,031.93",BANORTE,BNO930209CC1,egreso,0,5.00,21031.93,0,comision
txn_2026080326,company_001,acc_eje_001,2026-08-06T12:00:00-06:00,"I.V.A. ORDEN DE PAGO SPEI REFERENCIA: 0060323 0.80 21,031.13",BANORTE,BNO930209CC1,egreso,0,0.80,21031.13,0,iva_comision
txn_2026080327,company_001,acc_eje_001,2026-08-06T12:00:00-06:00,"COMPRA ORDEN DE PAGO SPEI 0060323 =REFERENCIA CTA/CLABE: 012367632016328708, BEM 8,849.57 12,181.56 SPEI BCO:012 BENEF:JORGE L. CAMPOS (DATO NO VERIF POR ESTA INST), Pago PO 2430 CVE RASTREO: 8846APR1202303062171336344 RFC: GAS070423BB2 IVA: 000000001220.63 BBVA BANCOMER HORA LIQ: 13:28:19",JORGE L. CAMPOS,GAS070423BB2,egreso,0,8849.57,12181.56,0,spei_enviado
txn_2026080328,company_001,acc_eje_001,2026-08-06T12:00:00-06:00,"COMISION ORDEN DE PAGO SPEI REFERENCIA: 0060323 5.00 12,176.56",BANORTE,BNO930209CC1,egreso,0,5.00,12176.56,0,comision
txn_2026080329,company_001,acc_eje_001,2026-08-06T12:00:00-06:00,"I.V.A. ORDEN DE PAGO SPEI REFERENCIA: 0060323 0.80 12,175.76",BANORTE,BNO930209CC1,egreso,0,0.80,12175.76,0,iva_comision
txn_2026080330,company_001,acc_eje_001,2026-08-06T12:00:00-06:00,"COMPRA ORDEN DE PAGO SPEI 0060323 =REFERENCIA CTA/CLABE: 012846773782639821, BEM 678.60 11,497.16 SPEI BCO:012 BENEF:FRANCISCO J. MORALES (DATO NO VERIF POR ESTA INST), Pago PO 2431 CVE RASTREO: 8846APR1202303062171803187 RFC: GAS070423BB2 IVA: 000000000093.60 BBVA BANCOMER HORA LIQ: 17:19:59",FRANCISCO J. MORALES,GAS070423BB2,egreso,0,678.60,11497.16,0,spei_enviado
txn_2026080331,company_001,acc_eje_001,2026-08-06T12:00:00-06:00,"COMISION ORDEN DE PAGO SPEI REFERENCIA: 0060323 5.00 11,492.16",BANORTE,BNO930209CC1,egreso,0,5.00,11492.16,0,comision
txn_2026080332,company_001,acc_eje_001,2026-08-06T12:00:00-06:00,"I.V.A. ORDEN DE PAGO SPEI REFERENCIA: 0060323 0.80 11,491.36",BANORTE,BNO930209CC1,egreso,0,0.80,11491.36,0,iva_comision
txn_2026080333,company_001,acc_eje_001,2026-08-06T12:00:00-06:00,"COMPRA ORDEN DE PAGO SPEI 0060323 =REFERENCIA CTA/CLABE: 012465840449972787, BEM 699.88 10,791.48 SPEI BCO:012 BENEF:SOFIA HERNANDEZ (DATO NO VERIF POR ESTA INST), Pago PO 2422 CVE RASTREO: 8846APR1202303062171832714 RFC: COS910715KK2 IVA: 000000000096.53 BBVA BANCOMER HORA LIQ: 17:35:54",SOFIA HERNANDEZ,COS910715KK2,egreso,0,699.88,10791.48,0,spei_enviado
txn_2026080334,company_001,acc_eje_001,2026-08-06T12:00:00-06:00,"COMISION ORDEN DE PAGO SPEI REFERENCIA: 0060323 5.00 10,786.48",BANORTE,BNO930209CC1,egreso,0,5.00,10786.48,0,comision
txn_2026080335,company_001,acc_eje_001,2026-08-06T12:00:00-06:00,"I.V.A. ORDEN DE PAGO SPEI REFERENCIA: 0060323 0.80 10,785.68",BANORTE,BNO930209CC1,egreso,0,0.80,10785.68,0,iva_comision
txn_2026080336,company_001,acc_eje_001,2026-08-07T12:00:00-06:00,"002601002303070000730561 SPEI RECIBIDO, BCO:0012 BBVA BANCOMER HR LIQ: 14:47:28 DEL 3,180.00 13,965.68 CLIENTE GUADALUPE PEREZ DE LA CLABE 012766270289517187 CON RFC FFRJ810330QR9 CONCEPTO: F9462 REFERENCIA: 0703238 CVE RAST: 002601002303070000730561",GUADALUPE PEREZ,FFRJ810330QR9,ingreso,3180.00,0,13965.68,0,spei_recibido
txn_2026080337,company_001,acc_eje_001,2026-08-08T12:00:00-06:00,"COMPRA ORDEN DE PAGO SPEI 0080323 =REFERENCIA CTA/CLABE: 058489638346578713, BEM 4,290.00 9,675.68 SPEI BCO:058 BENEF:MARTIN MEDINA (DATO NO VERIF POR ESTA INST), Pago PO 2443 CVE RASTREO: 8846APR1202303082174287261 RFC: PAY150323GG7 IVA: 000000000000.00 BANREGIO HORA LIQ: 12:16:20",MARTIN MEDINA,PAY150323GG7,egreso,0,4290.00,9675.68,0,spei_enviado
txn_2026080338,company_001,acc_eje_001,2026-08-08T12:00:00-06:00,"COMISION ORDEN DE PAGO SPEI REFERENCIA: 0080323 5.00 9,670.68",BANORTE,BNO930209CC1,egreso,0,5.00,9670.68,0,comision
txn_2026080339,company_001,acc_eje_001,2026-08-08T12:00:00-06:00,"I.V.A. ORDEN DE PAGO SPEI REFERENCIA: 0080323 0.80 9,669.88",BANORTE,BNO930209CC1,egreso,0,0.80,9669.88,0,iva_comision
txn_2026080340,company_001,acc_eje_001,2026-08-08T12:00:00-06:00,"COMPRA ORDEN DE PAGO SPEI 0080323 =REFERENCIA CTA/CLABE: 012808412411824493, BEM 99.00 9,570.88 SPEI BCO:012 BENEF:FRANCISCO J. MORALES (DATO NO VERIF POR ESTA INST), Pago PO 2445 CVE RASTREO: 8846APR1202303082174396144 RFC: PAY150323GG7 IVA: 000000000013.66 BBVA BANCOMER HORA LIQ: 13:14:47",FRANCISCO J. MORALES,PAY150323GG7,egreso,0,99.00,9570.88,0,spei_enviado
txn_2026080341,company_001,acc_eje_001,2026-08-08T12:00:00-06:00,"COMISION ORDEN DE PAGO SPEI REFERENCIA: 0080323 5.00 9,565.88",BANORTE,BNO930209CC1,egreso,0,5.00,9565.88,0,comision
txn_2026080342,company_001,acc_eje_001,2026-08-08T12:00:00-06:00,"I.V.A. ORDEN DE PAGO SPEI REFERENCIA: 0080323 0.80 9,565.08",BANORTE,BNO930209CC1,egreso,0,0.80,9565.08,0,iva_comision
txn_2026080343,company_001,acc_eje_001,2026-08-09T12:00:00-06:00,"COMPRA ORDEN DE PAGO SPEI 0090323 =REFERENCIA CTA/CLABE: 012311656670106513, BEM 6,567.96 2,997.12 SPEI BCO:012 BENEF:MARIA F. SOTO (DATO NO VERIF POR ESTA INST), Pago PO 2334 2387 CVE RASTREO: 8846APR1202303092175624884 RFC: SEG971124JJ1 IVA: 000000000905.93 BBVA BANCOMER HORA LIQ: 10:52:38",MARIA F. SOTO,SEG971124JJ1,egreso,0,6567.96,2997.12,0,spei_enviado
txn_2026080344,company_001,acc_eje_001,2026-08-09T12:00:00-06:00,"COMISION ORDEN DE PAGO SPEI REFERENCIA: 0090323 5.00 2,992.12",BANORTE,BNO930209CC1,egreso,0,5.00,2992.12,0,comision
txn_2026080345,company_001,acc_eje_001,2026-08-09T12:00:00-06:00,"I.V.A. ORDEN DE PAGO SPEI REFERENCIA: 0090323 0.80 2,991.32",BANORTE,BNO930209CC1,egreso,0,0.80,2991.32,0,iva_comision
txn_2026080346,company_001,acc_eje_001,2026-08-09T12:00:00-06:00,"BNET01002303090043815989 SPEI RECIBIDO, BCO:0012 BBVA BANCOMER HR LIQ: 11:59:38 DEL 20,000.00 22,991.32 CLIENTE CAFE NORTENO SA DE CV DE LA CLABE 012316475255341928 CON RFC CNM160812AB1 CONCEPTO: TRASPASO INTERNO REFERENCIA: 0090323 CVE RAST: BNET01002303090043815989",CAFE NORTENO SA DE CV,CNM160812AB1,ingreso,20000.00,0,22991.32,1,traspaso_interno
txn_2026080347,company_001,acc_eje_001,2026-08-09T12:00:00-06:00,"COMPRA ORDEN DE PAGO SPEI 0090323 =REFERENCIA CTA/CLABE: 014026217459615865, BEM 18,304.80 4,686.52 SPEI BCO:014 BENEF:ARMANDO MORALES (DATO NO VERIF POR ESTA INST), Pago PO 2450 CVE RASTREO: 8846APR1202303092176447714 RFC: GAS061031CC3 IVA: 000000002524.80 SANTANDER HORA LIQ: 17:37:11",ARMANDO MORALES,GAS061031CC3,egreso,0,18304.80,4686.52,0,spei_enviado
txn_2026080348,company_001,acc_eje_001,2026-08-09T12:00:00-06:00,"COMISION ORDEN DE PAGO SPEI REFERENCIA: 0090323 5.00 4,681.52",BANORTE,BNO930209CC1,egreso,0,5.00,4681.52,0,comision
txn_2026080349,company_001,acc_eje_001,2026-08-09T12:00:00-06:00,"I.V.A. ORDEN DE PAGO SPEI REFERENCIA: 0090323 0.80 4,680.72",BANORTE,BNO930209CC1,egreso,0,0.80,4680.72,0,iva_comision
txn_2026080350,company_001,acc_eje_001,2026-08-10T12:00:00-06:00,"BNET01002303100044008660 SPEI RECIBIDO, BCO:0012 BBVA BANCOMER HR LIQ: 10:24:26 DEL 70,000.00 74,680.72 CLIENTE CAFE NORTENO SA DE CV DE LA CLABE 012316475255341928 CON RFC CNM160812AB1 CONCEPTO: TRASPASO INTERNO REFERENCIA: 0100323 CVE RAST: BNET01002303100044008660",CAFE NORTENO SA DE CV,CNM160812AB1,ingreso,70000.00,0,74680.72,1,traspaso_interno
txn_2026080351,company_001,acc_eje_001,2026-08-10T12:00:00-06:00,"COMPRA ORDEN DE PAGO SPEI 0100323 =REFERENCIA CTA/CLABE: 012337543303654145, BEM 1,065.80 73,614.92 SPEI BCO:012 BENEF:ISAAC R. LUNA (DATO NO VERIF POR ESTA INST), Pago PO CVE RASTREO: 8846APR1202303102177470043 RFC: SEG971124JJ1 IVA: 000000000147.00 BBVA BANCOMER HORA LIQ: 10:54:16",ISAAC R. LUNA,SEG971124JJ1,egreso,0,1065.80,73614.92,0,spei_enviado
txn_2026080352,company_001,acc_eje_001,2026-08-10T12:00:00-06:00,"COMISION ORDEN DE PAGO SPEI REFERENCIA: 0100323 5.00 73,609.92",BANORTE,BNO930209CC1,egreso,0,5.00,73609.92,0,comision
txn_2026080353,company_001,acc_eje_001,2026-08-10T12:00:00-06:00,"I.V.A. ORDEN DE PAGO SPEI REFERENCIA: 0100323 0.80 73,609.12",BANORTE,BNO930209CC1,egreso,0,0.80,73609.12,0,iva_comision
txn_2026080354,company_001,acc_eje_001,2026-08-10T12:00:00-06:00,"COMPRA ORDEN DE PAGO SPEI 0100323 =REFERENCIA CTA/CLABE: 002889373467065627, BEM 1,215.81 72,393.31 SPEI BCO:002 BENEF:PEDRO A. RUIZ (DATO NO VERIF POR ESTA INST), Pago PO 2260 CVE RASTREO: 8846APR2202303102177470047 RFC: PAY150323GG7 IVA: 000000000167.70 BANAMEX HORA LIQ: 10:54:16",PEDRO A. RUIZ,PAY150323GG7,egreso,0,1215.81,72393.31,0,spei_enviado
txn_2026080355,company_001,acc_eje_001,2026-08-10T12:00:00-06:00,"COMISION ORDEN DE PAGO SPEI REFERENCIA: 0100323 5.00 72,388.31",BANORTE,BNO930209CC1,egreso,0,5.00,72388.31,0,comision
txn_2026080356,company_001,acc_eje_001,2026-08-10T12:00:00-06:00,"I.V.A. ORDEN DE PAGO SPEI REFERENCIA: 0100323 0.80 72,387.51",BANORTE,BNO930209CC1,egreso,0,0.80,72387.51,0,iva_comision
txn_2026080357,company_001,acc_eje_001,2026-08-10T12:00:00-06:00,"COMPRA ORDEN DE PAGO SPEI 0100323 =REFERENCIA CTA/CLABE: 012780913431611724, BEM 9,530.10 62,857.41 SPEI BCO:012 BENEF:ISAAC R. LUNA (DATO NO VERIF POR ESTA INST), Pago PO 2270 CVE RASTREO: 8846APR2202303102177470051 RFC: SUP810525DD4 IVA: 000000001314.50 BBVA BANCOMER HORA LIQ: 10:54:16",ISAAC R. LUNA,SUP810525DD4,egreso,0,9530.10,62857.41,0,spei_enviado
txn_2026080358,company_001,acc_eje_001,2026-08-10T12:00:00-06:00,"COMISION ORDEN DE PAGO SPEI REFERENCIA: 0100323 5.00 62,852.41",BANORTE,BNO930209CC1,egreso,0,5.00,62852.41,0,comision
txn_2026080359,company_001,acc_eje_001,2026-08-10T12:00:00-06:00,"I.V.A. ORDEN DE PAGO SPEI REFERENCIA: 0100323 0.80 62,851.61",BANORTE,BNO930209CC1,egreso,0,0.80,62851.61,0,iva_comision
txn_2026080360,company_001,acc_eje_001,2026-08-10T12:00:00-06:00,"COMPRA ORDEN DE PAGO SPEI 0100323 =REFERENCIA CTA/CLABE: 012005045562386922, BEM 45,083.63 17,767.98 SPEI BCO:012 BENEF:ELISA MENDEZ (DATO NO VERIF POR ESTA INST), Pago PO 2455 CVE RASTREO: 8846APR1202303102177536393 RFC: MER210503EE5 IVA: 000000006218.43 BBVA BANCOMER HORA LIQ: 11:17:30",ELISA MENDEZ,MER210503EE5,egreso,0,45083.63,17767.98,0,spei_enviado
txn_2026080361,company_001,acc_eje_001,2026-08-10T12:00:00-06:00,"COMISION ORDEN DE PAGO SPEI REFERENCIA: 0100323 5.00 17,762.98",BANORTE,BNO930209CC1,egreso,0,5.00,17762.98,0,comision
txn_2026080362,company_001,acc_eje_001,2026-08-10T12:00:00-06:00,"I.V.A. ORDEN DE PAGO SPEI REFERENCIA: 0100323 0.80 17,762.18",BANORTE,BNO930209CC1,egreso,0,0.80,17762.18,0,iva_comision
txn_2026080363,company_001,acc_eje_001,2026-08-10T12:00:00-06:00,"BNET01002303100044068219 SPEI RECIBIDO, BCO:0012 BBVA BANCOMER HR LIQ: 12:22:33 DEL 50,000.00 67,762.18 CLIENTE CAFE NORTENO SA DE CV DE LA CLABE 012316475255341928 CON RFC CNM160812AB1 CONCEPTO: TRASPASO INTERNO REFERENCIA: 0100323 CVE RAST: BNET01002303100044068219",CAFE NORTENO SA DE CV,CNM160812AB1,ingreso,50000.00,0,67762.18,1,traspaso_interno
txn_2026080364,company_001,acc_eje_001,2026-08-10T12:00:00-06:00,"COMPRA ORDEN DE PAGO SPEI 0100323 =REFERENCIA CTA/CLABE: 012603669096705466, BEM 10,727.68 57,034.50 SPEI BCO:012 BENEF:LUCIA FERNANDEZ (DATO NO VERIF POR ESTA INST), Pago PO 2459 Anticipo CVE RASTREO: 8846APR2202303102177807204 RFC: MER991006FF6 IVA: 000000001479.68 BBVA BANCOMER HORA LIQ: 12:47:20",LUCIA FERNANDEZ,MER991006FF6,egreso,0,10727.68,57034.50,0,spei_enviado
txn_2026080365,company_001,acc_eje_001,2026-08-10T12:00:00-06:00,"COMISION ORDEN DE PAGO SPEI REFERENCIA: 0100323 5.00 57,029.50",BANORTE,BNO930209CC1,egreso,0,5.00,57029.50,0,comision
txn_2026080366,company_001,acc_eje_001,2026-08-10T12:00:00-06:00,"I.V.A. ORDEN DE PAGO SPEI REFERENCIA: 0100323 0.80 57,028.70",BANORTE,BNO930209CC1,egreso,0,0.80,57028.70,0,iva_comision
txn_2026080367,company_001,acc_eje_001,2026-08-10T12:00:00-06:00,"COMPRA ORDEN DE PAGO SPEI 0100323 =REFERENCIA CTA/CLABE: 058219693792374740, BEM 18,666.14 38,362.56 SPEI BCO:058 BENEF:MARTIN MEDINA (DATO NO VERIF POR ESTA INST), Pago PO 2456 CVE RASTREO: 8846APR2202303102177807250 RFC: MER991006FF6 IVA: 000000002574.64 BANREGIO HORA LIQ: 12:47:20",MARTIN MEDINA,MER991006FF6,egreso,0,18666.14,38362.56,0,spei_enviado
txn_2026080368,company_001,acc_eje_001,2026-08-10T12:00:00-06:00,"COMISION ORDEN DE PAGO SPEI REFERENCIA: 0100323 5.00 38,357.56",BANORTE,BNO930209CC1,egreso,0,5.00,38357.56,0,comision
txn_2026080369,company_001,acc_eje_001,2026-08-10T12:00:00-06:00,"I.V.A. ORDEN DE PAGO SPEI REFERENCIA: 0100323 0.80 38,356.76",BANORTE,BNO930209CC1,egreso,0,0.80,38356.76,0,iva_comision
txn_2026080370,company_001,acc_eje_001,2026-08-10T12:00:00-06:00,"COMPRA ORDEN DE PAGO SPEI 0100323 =REFERENCIA CTA/CLABE: 012748217594647436, BEM 22,968.00 15,388.76 SPEI BCO:012 BENEF:ANDRES M. DIEZ (DATO NO VERIF POR ESTA INST), Pago PO 2458 CVE RASTREO: 8846APR2202303102177849474 RFC: PAY150323GG7 IVA: 000000003168.00 BBVA BANCOMER HORA LIQ: 13:02:06",ANDRES M. DIEZ,PAY150323GG7,egreso,0,22968.00,15388.76,0,spei_enviado
txn_2026080371,company_001,acc_eje_001,2026-08-10T12:00:00-06:00,"COMISION ORDEN DE PAGO SPEI REFERENCIA: 0100323 5.00 15,383.76",BANORTE,BNO930209CC1,egreso,0,5.00,15383.76,0,comision
txn_2026080372,company_001,acc_eje_001,2026-08-10T12:00:00-06:00,"I.V.A. ORDEN DE PAGO SPEI REFERENCIA: 0100323 0.80 15,382.96",BANORTE,BNO930209CC1,egreso,0,0.80,15382.96,0,iva_comision
txn_2026080373,company_001,acc_eje_001,2026-08-10T12:00:00-06:00,"COMPRA ORDEN DE PAGO SPEI 0100323 =REFERENCIA CTA/CLABE: 012713695944064090, BEM 6,661.97 8,720.99 SPEI BCO:012 BENEF:JORGE L. CAMPOS (DATO NO VERIF POR ESTA INST), Pago PO 2457 CVE RASTREO: 8846APR2202303102177993207 RFC: APP920820HH8 IVA: 000000000918.89 BBVA BANCOMER HORA LIQ: 13:43:06",JORGE L. CAMPOS,APP920820HH8,egreso,0,6661.97,8720.99,0,spei_enviado
txn_2026080374,company_001,acc_eje_001,2026-08-10T12:00:00-06:00,"COMISION ORDEN DE PAGO SPEI REFERENCIA: 0100323 5.00 8,715.99",BANORTE,BNO930209CC1,egreso,0,5.00,8715.99,0,comision
txn_2026080375,company_001,acc_eje_001,2026-08-10T12:00:00-06:00,"I.V.A. ORDEN DE PAGO SPEI REFERENCIA: 0100323 0.80 8,715.19",BANORTE,BNO930209CC1,egreso,0,0.80,8715.19,0,iva_comision
txn_2026080376,company_001,acc_eje_001,2026-08-10T12:00:00-06:00,"COMPRA ORDEN DE PAGO SPEI 0100323 =REFERENCIA CTA/CLABE: 030974395339421047, BEM 1,652.42 7,062.77 SPEI BCO:030 BENEF:MARIA F. SOTO (DATO NO VERIF POR ESTA INST), Pago PO 2453 CVE RASTREO: 8846APR2202303102178026662 RFC: DHL880115II9 IVA: 000000000227.92 BAJIO HORA LIQ: 13:52:07",MARIA F. SOTO,DHL880115II9,egreso,0,1652.42,7062.77,0,spei_enviado
txn_2026080377,company_001,acc_eje_001,2026-08-10T12:00:00-06:00,"COMISION ORDEN DE PAGO SPEI REFERENCIA: 0100323 5.00 7,057.77",BANORTE,BNO930209CC1,egreso,0,5.00,7057.77,0,comision
txn_2026080378,company_001,acc_eje_001,2026-08-10T12:00:00-06:00,"I.V.A. ORDEN DE PAGO SPEI REFERENCIA: 0100323 0.80 7,056.97",BANORTE,BNO930209CC1,egreso,0,0.80,7056.97,0,iva_comision
txn_2026080379,company_001,acc_eje_001,2026-08-10T12:00:00-06:00,"COMPRA ORDEN DE PAGO SPEI 0100323 =REFERENCIA CTA/CLABE: 002095214562328588, BEM 2,873.24 4,183.73 SPEI BCO:002 BENEF:CARLOS R. VEGA (DATO NO VERIF POR ESTA INST), Pago PO 2470 CVE RASTREO: 8846APR2202303102178618584 RFC: SEG971124JJ1 IVA: 000000000396.31 BANAMEX HORA LIQ: 17:14:14",CARLOS R. VEGA,SEG971124JJ1,egreso,0,2873.24,4183.73,0,spei_enviado
txn_2026080380,company_001,acc_eje_001,2026-08-10T12:00:00-06:00,"COMISION ORDEN DE PAGO SPEI REFERENCIA: 0100323 5.00 4,178.73",BANORTE,BNO930209CC1,egreso,0,5.00,4178.73,0,comision
txn_2026080381,company_001,acc_eje_001,2026-08-10T12:00:00-06:00,"I.V.A. ORDEN DE PAGO SPEI REFERENCIA: 0100323 0.80 4,177.93",BANORTE,BNO930209CC1,egreso,0,0.80,4177.93,0,iva_comision
txn_2026080382,company_001,acc_eje_001,2026-08-16T12:00:00-06:00,"BNET01002303160045204424 SPEI RECIBIDO, BCO:0012 BBVA BANCOMER HR LIQ: 10:03:03 DEL 100,000.00 104,177.93 CLIENTE CAFE NORTENO SA DE CV DE LA CLABE 012316475255341928 CON RFC CNM160812AB1 CONCEPTO: TRASPASO INTERNO REFERENCIA: 0160323 CVE RAST: BNET01002303160045204424",CAFE NORTENO SA DE CV,CNM160812AB1,ingreso,100000.00,0,104177.93,1,traspaso_interno
txn_2026080383,company_001,acc_eje_001,2026-08-16T12:00:00-06:00,"TRASPASO A CUENTA DE TERCEROS 0000160323 IVA:00002809.34 , A LA CUENTA: 8480184514 20,367.73 83,810.20 Pago PO 2491 AL R.F.C. MERE850922GH4",TERCERO MERE85,MERE850922GH4,egreso,0,20367.73,83810.20,0,traspaso_terceros
txn_2026080384,company_001,acc_eje_001,2026-08-16T12:00:00-06:00,"COMPRA ORDEN DE PAGO SPEI 0160323 =REFERENCIA CTA/CLABE: 012424745171236851, BEM 49,300.00 34,510.20 SPEI BCO:012 BENEF:LUCIA FERNANDEZ (DATO NO VERIF POR ESTA INST), Pago PO 2492 CVE RASTREO: 8846APR2202303162188353055 RFC: COS910715KK2 IVA: 000000006800.00 BBVA BANCOMER HORA LIQ: 11:07:23",LUCIA FERNANDEZ,COS910715KK2,egreso,0,49300.00,34510.20,0,spei_enviado
txn_2026080385,company_001,acc_eje_001,2026-08-16T12:00:00-06:00,"COMISION ORDEN DE PAGO SPEI REFERENCIA: 0160323 5.00 34,505.20",BANORTE,BNO930209CC1,egreso,0,5.00,34505.20,0,comision
txn_2026080386,company_001,acc_eje_001,2026-08-16T12:00:00-06:00,"I.V.A. ORDEN DE PAGO SPEI REFERENCIA: 0160323 0.80 34,504.40",BANORTE,BNO930209CC1,egreso,0,0.80,34504.40,0,iva_comision
txn_2026080387,company_001,acc_eje_001,2026-08-16T12:00:00-06:00,"COMPRA ORDEN DE PAGO SPEI 0160323 =REFERENCIA CTA/CLABE: 002193990916998543, BEM 3,045.00 31,459.40 SPEI BCO:002 BENEF:SOFIA HERNANDEZ (DATO NO VERIF POR ESTA INST), Pago PO 2496 CVE RASTREO: 8846APR1202303162188353119 RFC: GAS061031CC3 IVA: 000000000420.00 BANAMEX HORA LIQ: 11:07:23",SOFIA HERNANDEZ,GAS061031CC3,egreso,0,3045.00,31459.40,0,spei_enviado
txn_2026080388,company_001,acc_eje_001,2026-08-16T12:00:00-06:00,"COMISION ORDEN DE PAGO SPEI REFERENCIA: 0160323 5.00 31,454.40",BANORTE,BNO930209CC1,egreso,0,5.00,31454.40,0,comision
txn_2026080389,company_001,acc_eje_001,2026-08-16T12:00:00-06:00,"I.V.A. ORDEN DE PAGO SPEI REFERENCIA: 0160323 0.80 31,453.60",BANORTE,BNO930209CC1,egreso,0,0.80,31453.60,0,iva_comision
txn_2026080390,company_001,acc_eje_001,2026-08-16T12:00:00-06:00,"COMPRA ORDEN DE PAGO SPEI 0160323 =REFERENCIA CTA/CLABE: 012808412411824493, BEM 304.00 31,149.60 SPEI BCO:012 BENEF:FRANCISCO J. MORALES (DATO NO VERIF POR ESTA INST), Pago PO 2495 CVE RASTREO: 8846APR1202303162188353129 RFC: PAY150323GG7 IVA: 000000000041.93 BBVA BANCOMER HORA LIQ: 11:07:23",FRANCISCO J. MORALES,PAY150323GG7,egreso,0,304.00,31149.60,0,spei_enviado
txn_2026080391,company_001,acc_eje_001,2026-08-16T12:00:00-06:00,"COMISION ORDEN DE PAGO SPEI REFERENCIA: 0160323 5.00 31,144.60",BANORTE,BNO930209CC1,egreso,0,5.00,31144.60,0,comision
txn_2026080392,company_001,acc_eje_001,2026-08-16T12:00:00-06:00,"I.V.A. ORDEN DE PAGO SPEI REFERENCIA: 0160323 0.80 31,143.80",BANORTE,BNO930209CC1,egreso,0,0.80,31143.80,0,iva_comision
txn_2026080393,company_001,acc_eje_001,2026-08-16T12:00:00-06:00,"COMPRA ORDEN DE PAGO SPEI 0160323 =REFERENCIA CTA/CLABE: 012367632016328708, BEM 2,946.40 28,197.40 SPEI BCO:012 BENEF:JORGE L. CAMPOS (DATO NO VERIF POR ESTA INST), Pago PO 2494 CVE RASTREO: 8846APR2202303162188353134 RFC: GAS070423BB2 IVA: 000000000406.40 BBVA BANCOMER HORA LIQ: 11:07:23",JORGE L. CAMPOS,GAS070423BB2,egreso,0,2946.40,28197.40,0,spei_enviado
txn_2026080394,company_001,acc_eje_001,2026-08-16T12:00:00-06:00,"COMISION ORDEN DE PAGO SPEI REFERENCIA: 0160323 5.00 28,192.40",BANORTE,BNO930209CC1,egreso,0,5.00,28192.40,0,comision
txn_2026080395,company_001,acc_eje_001,2026-08-16T12:00:00-06:00,"I.V.A. ORDEN DE PAGO SPEI REFERENCIA: 0160323 0.80 28,191.60",BANORTE,BNO930209CC1,egreso,0,0.80,28191.60,0,iva_comision
txn_2026080396,company_001,acc_eje_001,2026-08-16T12:00:00-06:00,"TRASPASO A CUENTA DE TERCEROS 0000160323 IVA:00000046.21 , A LA CUENTA: 8480184514 335.00 27,856.60 Pago PO 2499 AL R.F.C. MERE850922GH4",TERCERO MERE85,MERE850922GH4,egreso,0,335.00,27856.60,0,traspaso_terceros
txn_2026080397,company_001,acc_eje_001,2026-08-17T12:00:00-06:00,"2754658CARGO DOMICILIACION CGO DOMICILIACION:VW Leasing LEYENDA: VOLKSWAGEN 6,873.67 20,982.93 LEASING REF SERV EMISOR:0052754658 CVE DE RASTREO:02107200021000820230316043505 REF:2754658 RFC GAS061031CC3 IVA: 0.00","VOLKSWAGEN 6,873.67 20,982.93 LEASING",GAS061031CC3,egreso,0,6873.67,20982.93,0,domiciliacion
txn_2026080398,company_001,acc_eje_001,2026-08-17T12:00:00-06:00,"COMPRA ORDEN DE PAGO SPEI 0170323 =REFERENCIA CTA/CLABE: 012877694531473799, BEM 3,045.00 17,937.93 SPEI BCO:012 BENEF:GUADALUPE PEREZ (DATO NO VERIF POR ESTA INST), Pago PO 2497 CVE RASTREO: 8846APR2202303172190717859 RFC: SUN850309AA1 IVA: 000000000420.00 BBVA BANCOMER HORA LIQ: 12:53:15",GUADALUPE PEREZ,SUN850309AA1,egreso,0,3045.00,17937.93,0,spei_enviado
txn_2026080399,company_001,acc_eje_001,2026-08-17T12:00:00-06:00,"COMISION ORDEN DE PAGO SPEI REFERENCIA: 0170323 5.00 17,932.93",BANORTE,BNO930209CC1,egreso,0,5.00,17932.93,0,comision
txn_2026080400,company_001,acc_eje_001,2026-08-17T12:00:00-06:00,"I.V.A. ORDEN DE PAGO SPEI REFERENCIA: 0170323 0.80 17,932.13",BANORTE,BNO930209CC1,egreso,0,0.80,17932.13,0,iva_comision
txn_2026080401,company_001,acc_eje_001,2026-08-17T12:00:00-06:00,"BNET01002303170045528010 SPEI RECIBIDO, BCO:0012 BBVA BANCOMER HR LIQ: 13:03:10 DEL 40,000.00 57,932.13 CLIENTE CAFE NORTENO SA DE CV DE LA CLABE 012316475255341928 CON RFC CNM160812AB1 CONCEPTO: TRASPASO INTERNO REFERENCIA: 0170323 CVE RAST: BNET01002303170045528010",CAFE NORTENO SA DE CV,CNM160812AB1,ingreso,40000.00,0,57932.13,1,traspaso_interno
txn_2026080402,company_001,acc_eje_001,2026-08-17T12:00:00-06:00,"COMPRA ORDEN DE PAGO SPEI 0170323 =REFERENCIA CTA/CLABE: 012277434873471434, BEM 2,115.38 55,816.75 SPEI BCO:012 BENEF:CARLOS R. VEGA (DATO NO VERIF POR ESTA INST), Pago PO 2309 2321 CVE RASTREO: 8846APR2202303172190830875 RFC: SUP810525DD4 IVA: 000000000291.78 BBVA BANCOMER HORA LIQ: 13:27:45",CARLOS R. VEGA,SUP810525DD4,egreso,0,2115.38,55816.75,0,spei_enviado
txn_2026080403,company_001,acc_eje_001,2026-08-17T12:00:00-06:00,"COMISION ORDEN DE PAGO SPEI REFERENCIA: 0170323 5.00 55,811.75",BANORTE,BNO930209CC1,egreso,0,5.00,55811.75,0,comision
txn_2026080404,company_001,acc_eje_001,2026-08-17T12:00:00-06:00,"I.V.A. ORDEN DE PAGO SPEI REFERENCIA: 0170323 0.80 55,810.95",BANORTE,BNO930209CC1,egreso,0,0.80,55810.95,0,iva_comision
txn_2026080405,company_001,acc_eje_001,2026-08-17T12:00:00-06:00,"COMPRA ORDEN DE PAGO SPEI 0170323 =REFERENCIA CTA/CLABE: 002889373467065627, BEM 461.04 55,349.91 SPEI BCO:002 BENEF:PEDRO A. RUIZ (DATO NO VERIF POR ESTA INST), Pago PO 2288 CVE RASTREO: 8846APR2202303172190830901 RFC: PAY150323GG7 IVA: 000000000063.59 BANAMEX HORA LIQ: 13:27:45",PEDRO A. RUIZ,PAY150323GG7,egreso,0,461.04,55349.91,0,spei_enviado
txn_2026080406,company_001,acc_eje_001,2026-08-17T12:00:00-06:00,"COMISION ORDEN DE PAGO SPEI REFERENCIA: 0170323 5.00 55,344.91",BANORTE,BNO930209CC1,egreso,0,5.00,55344.91,0,comision
txn_2026080407,company_001,acc_eje_001,2026-08-17T12:00:00-06:00,"I.V.A. ORDEN DE PAGO SPEI REFERENCIA: 0170323 0.80 55,344.11",BANORTE,BNO930209CC1,egreso,0,0.80,55344.11,0,iva_comision
txn_2026080408,company_001,acc_eje_001,2026-08-17T12:00:00-06:00,"COMPRA ORDEN DE PAGO SPEI 0170323 =REFERENCIA CTA/CLABE: 012317278895798687, BEM 2,708.28 52,635.83 SPEI BCO:012 BENEF:MARIA F. SOTO (DATO NO VERIF POR ESTA INST), Pago PO 2274 2277 2300 2322 CVE RASTREO: 8846APR2202303172190830934 RFC: GAS061031CC3 IVA: 000000000373.56 BBVA BANCOMER HORA LIQ: 13:27:46",MARIA F. SOTO,GAS061031CC3,egreso,0,2708.28,52635.83,0,spei_enviado
txn_2026080409,company_001,acc_eje_001,2026-08-17T12:00:00-06:00,"COMISION ORDEN DE PAGO SPEI REFERENCIA: 0170323 5.00 52,630.83",BANORTE,BNO930209CC1,egreso,0,5.00,52630.83,0,comision
txn_2026080410,company_001,acc_eje_001,2026-08-17T12:00:00-06:00,"I.V.A. ORDEN DE PAGO SPEI REFERENCIA: 0170323 0.80 52,630.03",BANORTE,BNO930209CC1,egreso,0,0.80,52630.03,0,iva_comision
txn_2026080411,company_001,acc_eje_001,2026-08-17T12:00:00-06:00,"PAGO DE LDC-IMSS ALTA: Z1KPHF784C3I17FL05290000FDCK000KWUG000EHGC000000016JF ID 23,686.32 28,943.71 PAGO: Z3428909108202302346788 TOTAL: 6048175496513709 RASTREO: 000005113",IMSS,,egreso,0,23686.32,28943.71,0,imss
txn_2026080412,company_001,acc_eje_001,2026-08-17T12:00:00-06:00,"COMPRA ORDEN DE PAGO SPEI 0170323 =REFERENCIA CTA/CLABE: 012317278895798687, BEM 794.37 28,149.34 SPEI BCO:012 BENEF:MARIA F. SOTO (DATO NO VERIF POR ESTA INST), Pago PO 2315 CVE RASTREO: 8846APR1202303172190932187 RFC: GAS061031CC3 IVA: 000000000109.57 BBVA BANCOMER HORA LIQ: 14:00:21",MARIA F. SOTO,GAS061031CC3,egreso,0,794.37,28149.34,0,spei_enviado
txn_2026080413,company_001,acc_eje_001,2026-08-17T12:00:00-06:00,"COMISION ORDEN DE PAGO SPEI REFERENCIA: 0170323 5.00 28,144.34",BANORTE,BNO930209CC1,egreso,0,5.00,28144.34,0,comision
txn_2026080414,company_001,acc_eje_001,2026-08-17T12:00:00-06:00,"I.V.A. ORDEN DE PAGO SPEI REFERENCIA: 0170323 0.80 28,143.54",BANORTE,BNO930209CC1,egreso,0,0.80,28143.54,0,iva_comision
txn_2026080415,company_001,acc_eje_001,2026-08-17T12:00:00-06:00,"CARGO POR PAGO CONCENTRACION BEM TARJETA DE CRED 8593174612004711 AL RFC 18,181.11 9,962.43 BNO930209CC1 RAS 88463076398557000165 FAC 000165",CARGO POR PAGO CONCENTRACION BEM TARJETA,,egreso,0,18181.11,9962.43,0,otro
txn_2026080416,company_001,acc_eje_001,2026-08-21T12:00:00-06:00,"PAGO REFERENCIADO 542065908023 Impuesto Deposito Referenciado 960.00 9,002.43",PAGO DE IMPUESTOS,,egreso,0,960.00,9002.43,0,impuestos
txn_2026080417,company_001,acc_eje_001,2026-08-21T12:00:00-06:00,"PAGO REFERENCIADO 542066008023 Impuesto Deposito Referenciado 1,588.00 7,414.43",PAGO DE IMPUESTOS,,egreso,0,1588.00,7414.43,0,impuestos
txn_2026080418,company_001,acc_eje_001,2026-08-21T12:00:00-06:00,"PAGO REFERENCIADO 542066108023 Impuesto Deposito Referenciado 5,063.00 2,351.43",PAGO DE IMPUESTOS,,egreso,0,5063.00,2351.43,0,impuestos
txn_2026080419,company_001,acc_eje_001,2026-08-22T12:00:00-06:00,"BNET01002303220046312674 SPEI RECIBIDO, BCO:0012 BBVA BANCOMER HR LIQ: 17:35:59 DEL 20,000.00 22,351.43 CLIENTE CAFE NORTENO SA DE CV DE LA CLABE 012316475255341928 CON RFC CNM160812AB1 CONCEPTO: Traspaso interno REFERENCIA: 2203230 CVE RAST: BNET01002303220046312674",CAFE NORTENO SA DE CV,CNM160812AB1,ingreso,20000.00,0,22351.43,1,traspaso_interno
txn_2026080420,company_001,acc_eje_001,2026-08-22T12:00:00-06:00,"COMPRA ORDEN DE PAGO SPEI 0220323 =REFERENCIA CTA/CLABE: 014026217459615865, BEM 18,676.00 3,675.43 SPEI BCO:014 BENEF:ARMANDO MORALES (DATO NO VERIF POR ESTA INST), Pago PO 2516 CVE RASTREO: 8846APR2202303222197848242 RFC: GAS061031CC3 IVA: 000000002576.00 SANTANDER HORA LIQ: 17:39:21",ARMANDO MORALES,GAS061031CC3,egreso,0,18676.00,3675.43,0,spei_enviado
txn_2026080421,company_001,acc_eje_001,2026-08-22T12:00:00-06:00,"COMISION ORDEN DE PAGO SPEI REFERENCIA: 0220323 5.00 3,670.43",BANORTE,BNO930209CC1,egreso,0,5.00,3670.43,0,comision
txn_2026080422,company_001,acc_eje_001,2026-08-22T12:00:00-06:00,"I.V.A. ORDEN DE PAGO SPEI REFERENCIA: 0220323 0.80 3,669.63",BANORTE,BNO930209CC1,egreso,0,0.80,3669.63,0,iva_comision
txn_2026080423,company_001,acc_eje_001,2026-08-23T12:00:00-06:00,"BNET01002303230046387173 SPEI RECIBIDO, BCO:0012 BBVA BANCOMER HR LIQ: 11:04:35 DEL 15,000.00 18,669.63 CLIENTE CAFE NORTENO SA DE CV DE LA CLABE 012316475255341928 CON RFC CNM160812AB1 CONCEPTO: TRASPASO INTERNO REFERENCIA: 0230323 CVE RAST: BNET01002303230046387173",CAFE NORTENO SA DE CV,CNM160812AB1,ingreso,15000.00,0,18669.63,1,traspaso_interno
txn_2026080424,company_001,acc_eje_001,2026-08-23T12:00:00-06:00,"COMPRA ORDEN DE PAGO SPEI 0230323 =REFERENCIA CTA/CLABE: 058489638346578713, BEM 4,290.00 14,379.63 SPEI BCO:058 BENEF:MARTIN MEDINA (DATO NO VERIF POR ESTA INST), Pago PO 2520 CVE RASTREO: 8846APR2202303232198587450 RFC: PAY150323GG7 IVA: 000000000000.00 BANREGIO HORA LIQ: 11:16:50",MARTIN MEDINA,PAY150323GG7,egreso,0,4290.00,14379.63,0,spei_enviado
txn_2026080425,company_001,acc_eje_001,2026-08-23T12:00:00-06:00,"COMISION ORDEN DE PAGO SPEI REFERENCIA: 0230323 5.00 14,374.63",BANORTE,BNO930209CC1,egreso,0,5.00,14374.63,0,comision
txn_2026080426,company_001,acc_eje_001,2026-08-23T12:00:00-06:00,"I.V.A. ORDEN DE PAGO SPEI REFERENCIA: 0230323 0.80 14,373.83",BANORTE,BNO930209CC1,egreso,0,0.80,14373.83,0,iva_comision
txn_2026080427,company_001,acc_eje_001,2026-08-23T12:00:00-06:00,"COMPRA ORDEN DE PAGO SPEI 0230323 =REFERENCIA CTA/CLABE: 012808412411824493, BEM 1,197.50 13,176.33 SPEI BCO:012 BENEF:FRANCISCO J. MORALES (DATO NO VERIF POR ESTA INST), Pago PO 2523 CVE RASTREO: 8846APR1202303232198870738 RFC: PAY150323GG7 IVA: 000000000165.17 BBVA BANCOMER HORA LIQ: 13:30:10",FRANCISCO J. MORALES,PAY150323GG7,egreso,0,1197.50,13176.33,0,spei_enviado
txn_2026080428,company_001,acc_eje_001,2026-08-23T12:00:00-06:00,"COMISION ORDEN DE PAGO SPEI REFERENCIA: 0230323 5.00 13,171.33",BANORTE,BNO930209CC1,egreso,0,5.00,13171.33,0,comision
txn_2026080429,company_001,acc_eje_001,2026-08-23T12:00:00-06:00,"I.V.A. ORDEN DE PAGO SPEI REFERENCIA: 0230323 0.80 13,170.53",BANORTE,BNO930209CC1,egreso,0,0.80,13170.53,0,iva_comision
txn_2026080430,company_001,acc_eje_001,2026-08-24T12:00:00-06:00,"2853720CARGO DOMICILIACION CGO DOMICILIACION:VW Leasing LEYENDA: VOLKSWAGEN 11,838.93 1,331.60 LEASING REF SERV EMISOR:0052853720 CVE DE RASTREO:02107200021000820230323027773 REF:2853720 RFC GAS061031CC3 IVA: 0.00","VOLKSWAGEN 11,838.93 1,331.60 LEASING",GAS061031CC3,egreso,0,11838.93,1331.60,0,domiciliacion
txn_2026080431,company_001,acc_eje_001,2026-08-24T12:00:00-06:00,"BNET01002303240046626968 SPEI RECIBIDO, BCO:0012 BBVA BANCOMER HR LIQ: 11:13:15 DEL 19,760.02 21,091.62 CLIENTE PEDRO A. RUIZ DE LA CLABE 012405377351585064 CON RFC INFJ891031ST1 CONCEPTO: 2 BOMBAS 2 CUENTA LITROS REFERENCIA: 0240323 CVE RAST: BNET01002303240046626968",PEDRO A. RUIZ,INFJ891031ST1,ingreso,19760.02,0,21091.62,0,spei_recibido
txn_2026080432,company_001,acc_eje_001,2026-08-24T12:00:00-06:00,"BNET01002303240046712268 SPEI RECIBIDO, BCO:0012 BBVA BANCOMER HR LIQ: 13:39:35 DEL 30,000.00 51,091.62 CLIENTE CAFE NORTENO SA DE CV DE LA CLABE 012316475255341928 CON RFC CNM160812AB1 CONCEPTO: TRASPASO INTERNO REFERENCIA: 0240323 CVE RAST: BNET01002303240046712268",CAFE NORTENO SA DE CV,CNM160812AB1,ingreso,30000.00,0,51091.62,1,traspaso_interno
txn_2026080433,company_001,acc_eje_001,2026-08-24T12:00:00-06:00,"COMPRA ORDEN DE PAGO SPEI 0240323 =REFERENCIA CTA/CLABE: 012277434873471434, BEM 1,415.09 49,676.53 SPEI BCO:012 BENEF:CARLOS R. VEGA (DATO NO VERIF POR ESTA INST), Pago PO 2295 2330 CVE RASTREO: 8846APR1202303242200849684 RFC: SUP810525DD4 IVA: 000000000195.18 BBVA BANCOMER HORA LIQ: 14:04:46",CARLOS R. VEGA,SUP810525DD4,egreso,0,1415.09,49676.53,0,spei_enviado
txn_2026080434,company_001,acc_eje_001,2026-08-24T12:00:00-06:00,"COMISION ORDEN DE PAGO SPEI REFERENCIA: 0240323 5.00 49,671.53",BANORTE,BNO930209CC1,egreso,0,5.00,49671.53,0,comision
txn_2026080435,company_001,acc_eje_001,2026-08-24T12:00:00-06:00,"I.V.A. ORDEN DE PAGO SPEI REFERENCIA: 0240323 0.80 49,670.73",BANORTE,BNO930209CC1,egreso,0,0.80,49670.73,0,iva_comision
txn_2026080436,company_001,acc_eje_001,2026-08-24T12:00:00-06:00,"COMPRA ORDEN DE PAGO SPEI 0240323 =REFERENCIA CTA/CLABE: 012337543303654145, BEM 5,402.87 44,267.86 SPEI BCO:012 BENEF:ISAAC R. LUNA (DATO NO VERIF POR ESTA INST), Pago PO 2351 2354 2427 CVE RASTREO: 8846APR2202303242200849722 RFC: SEG971124JJ1 IVA: 000000000745.22 BBVA BANCOMER HORA LIQ: 14:04:47",ISAAC R. LUNA,SEG971124JJ1,egreso,0,5402.87,44267.86,0,spei_enviado
txn_2026080437,company_001,acc_eje_001,2026-08-24T12:00:00-06:00,"COMISION ORDEN DE PAGO SPEI REFERENCIA: 0240323 5.00 44,262.86",BANORTE,BNO930209CC1,egreso,0,5.00,44262.86,0,comision
txn_2026080438,company_001,acc_eje_001,2026-08-24T12:00:00-06:00,"I.V.A. ORDEN DE PAGO SPEI REFERENCIA: 0240323 0.80 44,262.06",BANORTE,BNO930209CC1,egreso,0,0.80,44262.06,0,iva_comision
txn_2026080439,company_001,acc_eje_001,2026-08-24T12:00:00-06:00,"COMPRA ORDEN DE PAGO SPEI 0240323 =REFERENCIA CTA/CLABE: 012780913431611724, BEM 27,260.00 17,002.06 SPEI BCO:012 BENEF:ISAAC R. LUNA (DATO NO VERIF POR ESTA INST), Pago PO 2338 CVE RASTREO: 8846APR2202303242200849727 RFC: SUP810525DD4 IVA: 000000003760.00 BBVA BANCOMER HORA LIQ: 14:04:47",ISAAC R. LUNA,SUP810525DD4,egreso,0,27260.00,17002.06,0,spei_enviado
txn_2026080440,company_001,acc_eje_001,2026-08-24T12:00:00-06:00,"COMISION ORDEN DE PAGO SPEI REFERENCIA: 0240323 5.00 16,997.06",BANORTE,BNO930209CC1,egreso,0,5.00,16997.06,0,comision
txn_2026080441,company_001,acc_eje_001,2026-08-24T12:00:00-06:00,"I.V.A. ORDEN DE PAGO SPEI REFERENCIA: 0240323 0.80 16,996.26",BANORTE,BNO930209CC1,egreso,0,0.80,16996.26,0,iva_comision
txn_2026080442,company_001,acc_eje_001,2026-08-24T12:00:00-06:00,"COMPRA ORDEN DE PAGO SPEI 0240323 =REFERENCIA CTA/CLABE: 012317278895798687, BEM 719.94 16,276.32 SPEI BCO:012 BENEF:MARIA F. SOTO (DATO NO VERIF POR ESTA INST), Pago PO 2331 CVE RASTREO: 8846APR2202303242200849731 RFC: GAS061031CC3 IVA: 000000000099.30 BBVA BANCOMER HORA LIQ: 14:04:47",MARIA F. SOTO,GAS061031CC3,egreso,0,719.94,16276.32,0,spei_enviado
txn_2026080443,company_001,acc_eje_001,2026-08-24T12:00:00-06:00,"COMISION ORDEN DE PAGO SPEI REFERENCIA: 0240323 5.00 16,271.32",BANORTE,BNO930209CC1,egreso,0,5.00,16271.32,0,comision
txn_2026080444,company_001,acc_eje_001,2026-08-24T12:00:00-06:00,"I.V.A. ORDEN DE PAGO SPEI REFERENCIA: 0240323 0.80 16,270.52",BANORTE,BNO930209CC1,egreso,0,0.80,16270.52,0,iva_comision
txn_2026080445,company_001,acc_eje_001,2026-08-24T12:00:00-06:00,"COMPRA ORDEN DE PAGO SPEI 0240323 =REFERENCIA CTA/CLABE: 030868501429401965, BEM 237.57 16,032.95 SPEI BCO:030 BENEF:ELISA MENDEZ (DATO NO VERIF POR ESTA INST), Pago PO 2327 CVE RASTREO: 8846APR2202303242200849735 RFC: COS910715KK2 IVA: 000000000032.77 BAJIO HORA LIQ: 14:04:47",ELISA MENDEZ,COS910715KK2,egreso,0,237.57,16032.95,0,spei_enviado
txn_2026080446,company_001,acc_eje_001,2026-08-24T12:00:00-06:00,"COMISION ORDEN DE PAGO SPEI REFERENCIA: 0240323 5.00 16,027.95",BANORTE,BNO930209CC1,egreso,0,5.00,16027.95,0,comision
txn_2026080447,company_001,acc_eje_001,2026-08-24T12:00:00-06:00,"I.V.A. ORDEN DE PAGO SPEI REFERENCIA: 0240323 0.80 16,027.15",BANORTE,BNO930209CC1,egreso,0,0.80,16027.15,0,iva_comision
txn_2026080448,company_001,acc_eje_001,2026-08-27T12:00:00-06:00,"COMPRA ORDEN DE PAGO SPEI 0270323 =REFERENCIA CTA/CLABE: 002317139005329318, BEM 442.00 15,585.15 SPEI BCO:002 BENEF:SOFIA HERNANDEZ (DATO NO VERIF POR ESTA INST), Pago PO 2542 CVE RASTREO: 8846APR1202303272204339674 RFC: TEL670000LL3 IVA: 000000000060.96 BANAMEX HORA LIQ: 10:27:46",SOFIA HERNANDEZ,TEL670000LL3,egreso,0,442.00,15585.15,0,spei_enviado
txn_2026080449,company_001,acc_eje_001,2026-08-27T12:00:00-06:00,"COMISION ORDEN DE PAGO SPEI REFERENCIA: 0270323 5.00 15,580.15",BANORTE,BNO930209CC1,egreso,0,5.00,15580.15,0,comision
txn_2026080450,company_001,acc_eje_001,2026-08-27T12:00:00-06:00,"I.V.A. ORDEN DE PAGO SPEI REFERENCIA: 0270323 0.80 15,579.35",BANORTE,BNO930209CC1,egreso,0,0.80,15579.35,0,iva_comision
txn_2026080451,company_001,acc_eje_001,2026-08-27T12:00:00-06:00,"COMPRA ORDEN DE PAGO SPEI 0270323 =REFERENCIA CTA/CLABE: 002518347382997376, BEM 1,710.84 13,868.51 SPEI BCO:002 BENEF:JORGE L. CAMPOS (DATO NO VERIF POR ESTA INST), Pago PO 2541 CVE RASTREO: 8846APR2202303272204339678 RFC: DHL880115II9 IVA: 000000000235.98 BANAMEX HORA LIQ: 10:27:46",JORGE L. CAMPOS,DHL880115II9,egreso,0,1710.84,13868.51,0,spei_enviado
txn_2026080452,company_001,acc_eje_001,2026-08-27T12:00:00-06:00,"COMISION ORDEN DE PAGO SPEI REFERENCIA: 0270323 5.00 13,863.51",BANORTE,BNO930209CC1,egreso,0,5.00,13863.51,0,comision
txn_2026080453,company_001,acc_eje_001,2026-08-27T12:00:00-06:00,"I.V.A. ORDEN DE PAGO SPEI REFERENCIA: 0270323 0.80 13,862.71",BANORTE,BNO930209CC1,egreso,0,0.80,13862.71,0,iva_comision
txn_2026080454,company_001,acc_eje_001,2026-08-27T12:00:00-06:00,"BNET01002303270047049153 SPEI RECIBIDO, BCO:0012 BBVA BANCOMER HR LIQ: 10:34:41 DEL 5,000.01 18,862.72 CLIENTE DISTRIBUIDORA DEL NORTE SA DE CV DE LA CLABE 012322602563421607 CON RFC DNO200415KX1 CONCEPTO: FACT B9758 REFERENCIA: 0270323 CVE RAST: BNET01002303270047049153",DISTRIBUIDORA DEL NORTE SA DE CV,DNO200415KX1,ingreso,5000.01,0,18862.72,0,spei_recibido
txn_2026080455,company_001,acc_eje_001,2026-08-31T12:00:00-06:00,"9268442CARGO DOMICILIACION CGO DOMICILIACION:RADIOMOVIL DIPSA SA DE CV LEYENDA: 549.00 18,313.72 PAGO SERV CEL CON CTA SUN850309AA1 REF SERV EMISOR:06062803203000 CVE DE RASTREO:202303300700000300259833000000 REF:9268442 RFC GAS070423BB2 IVA: 0.00","549.00 18,313.72 PAGO SERV CEL CON CTA S",GAS070423BB2,egreso,0,549.00,18313.72,0,domiciliacion
txn_2026080456,company_001,acc_eje_001,2026-08-31T12:00:00-06:00,"BNET01002303310048131454 SPEI RECIBIDO, BCO:0012 BBVA BANCOMER HR LIQ: 11:30:23 DEL 15,000.00 33,313.72 CLIENTE CAFE NORTENO SA DE CV DE LA CLABE 012316475255341928 CON RFC CNM160812AB1 CONCEPTO: TRASPASO INTERNO REFERENCIA: 0310323 CVE RAST: BNET01002303310048131454",CAFE NORTENO SA DE CV,CNM160812AB1,ingreso,15000.00,0,33313.72,1,traspaso_interno
txn_2026080457,company_001,acc_eje_001,2026-08-31T12:00:00-06:00,"COMPRA ORDEN DE PAGO SPEI 0310323 =REFERENCIA CTA/CLABE: 012277434873471434, BEM 16,453.90 16,859.82 SPEI BCO:012 BENEF:CARLOS R. VEGA (DATO NO VERIF POR ESTA INST), Pago PO 2403 2406 CVE RASTREO: 8846CAP2202303312213314464 RFC: SUP810525DD4 IVA: 000000002269.50 BBVA BANCOMER HORA LIQ: 13:30:54",CARLOS R. VEGA,SUP810525DD4,egreso,0,16453.90,16859.82,0,spei_enviado
txn_2026080458,company_001,acc_eje_001,2026-08-31T12:00:00-06:00,"COMISION ORDEN DE PAGO SPEI REFERENCIA: 0310323 5.00 16,854.82",BANORTE,BNO930209CC1,egreso,0,5.00,16854.82,0,comision
txn_2026080459,company_001,acc_eje_001,2026-08-31T12:00:00-06:00,"I.V.A. ORDEN DE PAGO SPEI REFERENCIA: 0310323 0.80 16,854.02",BANORTE,BNO930209CC1,egreso,0,0.80,16854.02,0,iva_comision
txn_2026080460,company_001,acc_eje_001,2026-08-31T12:00:00-06:00,"COMPRA ORDEN DE PAGO SPEI 0310323 =REFERENCIA CTA/CLABE: 012277434873471434, BEM 1,975.89 14,878.13 SPEI BCO:012 BENEF:CARLOS R. VEGA (DATO NO VERIF POR ESTA INST), Pago PO 2330 2374 2364 CVE RASTREO: 8846CAP4202303312213315285 RFC: SUP810525DD4 IVA: 000000000272.54 BBVA BANCOMER HORA LIQ: 13:31:04",CARLOS R. VEGA,SUP810525DD4,egreso,0,1975.89,14878.13,0,spei_enviado
txn_2026080461,company_001,acc_eje_001,2026-08-31T12:00:00-06:00,"COMISION ORDEN DE PAGO SPEI REFERENCIA: 0310323 5.00 14,873.13",BANORTE,BNO930209CC1,egreso,0,5.00,14873.13,0,comision
txn_2026080462,company_001,acc_eje_001,2026-08-31T12:00:00-06:00,"I.V.A. ORDEN DE PAGO SPEI REFERENCIA: 0310323 0.80 14,872.33",BANORTE,BNO930209CC1,egreso,0,0.80,14872.33,0,iva_comision
txn_2026080463,company_001,acc_eje_001,2026-08-31T12:00:00-06:00,"COMPRA ORDEN DE PAGO SPEI 0310323 =REFERENCIA CTA/CLABE: 012337543303654145, BEM 5,930.98 8,941.35 SPEI BCO:012 BENEF:ISAAC R. LUNA (DATO NO VERIF POR ESTA INST), Pago PO 2398 2436 2451 2507 CVE RASTREO: 8846APAC202303312213315532 RFC: SEG971124JJ1 IVA: 000000000818.07 BBVA BANCOMER HORA LIQ: 13:31:07",ISAAC R. LUNA,SEG971124JJ1,egreso,0,5930.98,8941.35,0,spei_enviado
txn_2026080464,company_001,acc_eje_001,2026-08-31T12:00:00-06:00,"COMISION ORDEN DE PAGO SPEI REFERENCIA: 0310323 5.00 8,936.35",BANORTE,BNO930209CC1,egreso,0,5.00,8936.35,0,comision
txn_2026080465,company_001,acc_eje_001,2026-08-31T12:00:00-06:00,"I.V.A. ORDEN DE PAGO SPEI REFERENCIA: 0310323 0.80 8,935.55",BANORTE,BNO930209CC1,egreso,0,0.80,8935.55,0,iva_comision
txn_2026080466,company_001,acc_eje_001,2026-08-31T12:00:00-06:00,"COMPRA ORDEN DE PAGO SPEI 0310323 =REFERENCIA CTA/CLABE: 002889373467065627, BEM 1,002.24 7,933.31 SPEI BCO:002 BENEF:PEDRO A. RUIZ (DATO NO VERIF POR ESTA INST), Pago PO 2409 CVE RASTREO: 8846CAP4202303312213484159 RFC: PAY150323GG7 IVA: 000000000138.24 BANAMEX HORA LIQ: 14:09:03",PEDRO A. RUIZ,PAY150323GG7,egreso,0,1002.24,7933.31,0,spei_enviado
txn_2026080467,company_001,acc_eje_001,2026-08-31T12:00:00-06:00,"COMISION ORDEN DE PAGO SPEI REFERENCIA: 0310323 5.00 7,928.31",BANORTE,BNO930209CC1,egreso,0,5.00,7928.31,0,comision
txn_2026080468,company_001,acc_eje_001,2026-08-31T12:00:00-06:00,"I.V.A. ORDEN DE PAGO SPEI REFERENCIA: 0310323 0.80 7,927.51",BANORTE,BNO930209CC1,egreso,0,0.80,7927.51,0,iva_comision
txn_2026080469,company_001,acc_eje_001,2026-08-31T12:00:00-06:00,"COMPRA ORDEN DE PAGO SPEI 0310323 =REFERENCIA CTA/CLABE: 002889373467065627, BEM 6,163.03 1,764.48 SPEI BCO:002 BENEF:PEDRO A. RUIZ (DATO NO VERIF POR ESTA INST), Pago PO 2350 2362 2369 2401 CVE RASTREO: 8846CAP3202303312213484169 RFC: PAY150323GG7 IVA: 000000000850.07 BANAMEX HORA LIQ: 14:09:03",PEDRO A. RUIZ,PAY150323GG7,egreso,0,6163.03,1764.48,0,spei_enviado
txn_2026080470,company_001,acc_eje_001,2026-08-31T12:00:00-06:00,"COMISION ORDEN DE PAGO SPEI REFERENCIA: 0310323 5.00 1,759.48",BANORTE,BNO930209CC1,egreso,0,5.00,1759.48,0,comision
txn_2026080471,company_001,acc_eje_001,2026-08-31T12:00:00-06:00,"I.V.A. ORDEN DE PAGO SPEI REFERENCIA: 0310323 0.80 1,758.68",BANORTE,BNO930209CC1,egreso,0,0.80,1758.68,0,iva_comision
txn_2026080472,company_001,acc_eje_001,2026-08-31T12:00:00-06:00,"COM MEMB P.M. COMISION MEMBRESIA P. MORAL 0323 400.00 1,358.68",BANORTE,BNO930209CC1,egreso,0,400.00,1358.68,0,comision
txn_2026080473,company_001,acc_eje_001,2026-08-31T12:00:00-06:00,"IVA COM MEMB P.M. COMISION MEMBRESIA P. MORAL 0323 64.00 1,294.68",BANORTE,BNO930209CC1,egreso,0,64.00,1294.68,0,comision
